target,horizon,helper,baseline_ic,best_ic,improvement_pct,best_config
volatility,1,hmm4,0.12586903054796306,0.13005383362959844,3.3247281427505224,"{'n_states': 4, 'n_iter': 100, 'covariance_type': 'diag'}"
volatility,1,hmm5,0.1317835000493415,0.1317835000493415,0.0,"{'n_states': 4, 'n_iter': 100, 'covariance_type': 'diag'}"
volatility,1,garch,0.08429204541295694,0.08429204541295694,0.0,"{'p': 1, 'q': 1, 'mean': 'Zero'}"
volatility,1,if,0.08649113112484624,0.1037988670001379,20.010994942716945,"{'contamination_extreme': 0.03, 'contamination_moderate': 0.1, 'contamination_mild': 0.2, 'n_estimators': 100}"
volatility,1,kalman,0.09889252620219417,0.14075158008161776,42.32782343312698,"{'process_noise': 0.0001, 'measurement_noise': 0.001}"
volatility,1,cusum,0.06568339718589207,0.07787639132582584,18.56328183730525,"{'threshold': 2.5, 'drift': 0.3}"
volatility,3,hmm4,0.06814138049266788,0.06814138049266788,0.0,"{'n_states': 3, 'n_iter': 100, 'covariance_type': 'diag'}"
volatility,3,hmm5,0.058914374927124175,0.058914374927124175,0.0,"{'n_states': 4, 'n_iter': 100, 'covariance_type': 'diag'}"
volatility,3,garch,0.0821188599233382,0.0821188599233382,0.0,"{'p': 1, 'q': 1, 'mean': 'Zero'}"
volatility,3,if,0.031602222137204816,0.031602222137204816,0.0,"{'contamination_extreme': 0.005, 'contamination_moderate': 0.02, 'contamination_mild': 0.05, 'n_estimators': 100}"
volatility,3,kalman,0.0696066332383221,0.10776049648877152,54.81354502496426,"{'process_noise': 1e-05, 'measurement_noise': 0.001}"
volatility,3,cusum,0.10262269837344912,0.11635753742408611,13.383821774647972,"{'threshold': 2.5, 'drift': 0.3}"
volatility,6,hmm4,0.0702473231875809,0.0702473231875809,0.0,"{'n_states': 3, 'n_iter': 100, 'covariance_type': 'diag'}"
volatility,6,hmm5,0.077730763602781,0.10535529985457612,35.53874292675388,"{'n_states': 6, 'n_iter': 100, 'covariance_type': 'diag'}"
volatility,6,garch,0.059073871173891714,0.059073871173891714,0.0,"{'p': 1, 'q': 1, 'mean': 'Zero'}"
volatility,6,if,0.011340519576109506,0.03122298818098576,175.32237805718916,"{'contamination_extreme': 0.03, 'contamination_moderate': 0.1, 'contamination_mild': 0.2, 'n_estimators': 100}"
volatility,6,kalman,0.029022041067443192,0.04214027525231923,45.20093591760513,"{'process_noise': 0.0005, 'measurement_noise': 0.001}"
volatility,6,cusum,0.10091373743184845,0.12023171763013064,19.143062867261744,"{'threshold': 5.0, 'drift': 0.0}"
volatility,12,hmm4,0.13503358311481117,0.13503358311481117,0.0,"{'n_states': 3, 'n_iter': 100, 'covariance_type': 'diag'}"
volatility,12,hmm5,0.1265177800737863,0.16478170197868364,30.243908707994617,"{'n_states': 6, 'n_iter': 100, 'covariance_type': 'diag'}"
volatility,12,garch,0.2039446410772931,0.2039446410772931,0.0,"{'p': 1, 'q': 1, 'mean': 'Zero'}"
volatility,12,if,0.14565170902965593,0.1507730396676961,3.5161486756035307,"{'contamination_extreme': 0.03, 'contamination_moderate': 0.1, 'contamination_mild': 0.2, 'n_estimators': 100}"
volatility,12,kalman,0.0765291741884805,0.09201078227783255,20.229681364681976,"{'process_noise': 1e-05, 'measurement_noise': 0.001}"
volatility,12,cusum,0.13559253620701786,0.15969531215873856,17.775886952156007,"{'threshold': 4.0, 'drift': 0.1}"
returns,1,hmm4,0.07045784735543817,0.18800152237053128,166.82836536592075,"{'n_states': 5, 'n_iter': 100, 'covariance_type': 'diag'}"
returns,1,hmm5,0.05962383343472151,0.09979178811468269,67.36895695232111,"{'n_states': 6, 'n_iter': 100, 'covariance_type': 'diag'}"
returns,1,garch,0.05564639244777236,0.05564639244777236,0.0,"{'p': 1, 'q': 1, 'mean': 'Zero'}"
returns,1,if,0.10374363922861635,0.10374363922861635,0.0,"{'contamination_extreme': 0.005, 'contamination_moderate': 0.02, 'contamination_mild': 0.05, 'n_estimators': 100}"
returns,1,kalman,0.08981134493700012,0.09974410846625063,11.059586666047638,"{'process_noise': 1e-05, 'measurement_noise': 0.001}"
returns,1,cusum,0.0700849322686138,0.08164173896736733,16.48971658338753,"{'threshold': 3.0, 'drift': 0.2}"
returns,3,hmm4,0.10629585759303548,0.11197434808322884,5.342155958639561,"{'n_states': 4, 'n_iter': 100, 'covariance_type': 'diag'}"
returns,3,hmm5,0.04925497018947529,0.11967242498569074,142.96517595144562,"{'n_states': 6, 'n_iter': 100, 'covariance_type': 'diag'}"
returns,3,garch,0.04933348730158867,0.04933348730158867,0.0,"{'p': 1, 'q': 1, 'mean': 'Zero'}"
returns,3,if,0.11640647393493513,0.11994468829956338,3.03953400959978,"{'contamination_extreme': 0.01, 'contamination_moderate': 0.05, 'contamination_mild': 0.1, 'n_estimators': 100}"
returns,3,kalman,0.12473053302752146,0.12473053302752146,0.0,"{'process_noise': 1e-06, 'measurement_noise': 0.001}"
returns,3,cusum,0.08834043752490332,0.10798426533950568,22.236507272295015,"{'threshold': 2.5, 'drift': 0.3}"
returns,6,hmm4,0.07293054680727393,0.1866228484484186,155.89119596427494,"{'n_states': 4, 'n_iter': 100, 'covariance_type': 'diag'}"
returns,6,hmm5,0.12684037779156632,0.12710388839745235,0.20774978005745998,"{'n_states': 5, 'n_iter': 100, 'covariance_type': 'diag'}"
returns,6,garch,0.2942783731864456,0.2942783731864456,0.0,"{'p': 1, 'q': 1, 'mean': 'Zero'}"
returns,6,if,0.13152023500478816,0.15767867637636704,19.889290321467683,"{'contamination_extreme': 0.03, 'contamination_moderate': 0.1, 'contamination_mild': 0.2, 'n_estimators': 100}"
returns,6,kalman,0.03398948586158176,0.0479330525480791,41.023176235383204,"{'process_noise': 1e-05, 'measurement_noise': 0.001}"
returns,6,cusum,0.14108285938336834,0.14108285938336834,0.0,"{'threshold': 2.0, 'drift': 0.5}"
returns,12,hmm4,0.21125341131194214,0.21125341131194214,0.0,"{'n_states': 3, 'n_iter': 100, 'covariance_type': 'diag'}"
returns,12,hmm5,0.11543014751207006,0.14383085816386926,24.604240108789124,"{'n_states': 5, 'n_iter': 100, 'covariance_type': 'diag'}"
returns,12,garch,0.15730785060135064,0.15730785060135064,0.0,"{'p': 1, 'q': 1, 'mean': 'Zero'}"
returns,12,if,0.17486320207156505,0.18349626482113757,4.937038008739722,"{'contamination_extreme': 0.01, 'contamination_moderate': 0.05, 'contamination_mild': 0.1, 'n_estimators': 100}"
returns,12,kalman,0.05456759864008871,0.07012759610358507,28.5150856025851,"{'process_noise': 0.0001, 'measurement_noise': 0.001}"
returns,12,cusum,0.11577639627214716,0.13935984464858028,20.369824191968483,"{'threshold': 3.0, 'drift': 0.2}"
direction,1,hmm4,0.08431625175247781,0.18794556218121963,122.9054995624808,"{'n_states': 5, 'n_iter': 100, 'covariance_type': 'diag'}"
direction,1,hmm5,0.07488082245620144,0.11798792342947155,57.567611518268116,"{'n_states': 6, 'n_iter': 100, 'covariance_type': 'diag'}"
direction,1,garch,0.04200375341590464,0.04200375341590464,0.0,"{'p': 1, 'q': 1, 'mean': 'Zero'}"
direction,1,if,0.1965830637020223,0.1965830637020223,0.0,"{'contamination_extreme': 0.005, 'contamination_moderate': 0.02, 'contamination_mild': 0.05, 'n_estimators': 100}"
direction,1,kalman,0.06706875639231002,0.09385108672798367,39.93264789198396,"{'process_noise': 0.0001, 'measurement_noise': 0.001}"
direction,1,cusum,0.11747493289328471,0.12053829377597886,2.607671957963088,"{'threshold': 3.0, 'drift': 0.2}"
direction,3,hmm4,0.10287153036915488,0.17184615251426263,67.04928165994232,"{'n_states': 5, 'n_iter': 100, 'covariance_type': 'diag'}"
direction,3,hmm5,0.14699852279888853,0.14699852279888853,0.0,"{'n_states': 4, 'n_iter': 100, 'covariance_type': 'diag'}"
direction,3,garch,0.1034293410166696,0.1034293410166696,0.0,"{'p': 1, 'q': 1, 'mean': 'Zero'}"
direction,3,if,0.11525458428358974,0.11945437214579356,3.6439226155811975,"{'contamination_extreme': 0.01, 'contamination_moderate': 0.05, 'contamination_mild': 0.1, 'n_estimators': 100}"
direction,3,kalman,0.15467960562386765,0.15467960562386765,0.0,"{'process_noise': 1e-06, 'measurement_noise': 0.001}"
direction,3,cusum,0.11742680875867935,0.1379798715336303,17.502870930597293,"{'threshold': 5.0, 'drift': 0.0}"
direction,6,hmm4,0.15743007250843488,0.15743007250843488,0.0,"{'n_states': 3, 'n_iter': 100, 'covariance_type': 'diag'}"
direction,6,hmm5,0.12284979861589815,0.12284979861589815,0.0,"{'n_states': 4, 'n_iter': 100, 'covariance_type': 'diag'}"
direction,6,garch,0.138358430670287,0.138358430670287,0.0,"{'p': 1, 'q': 1, 'mean': 'Zero'}"
direction,6,if,0.16760513786621303,0.18003325192996367,7.41511520587817,"{'contamination_extreme': 0.03, 'contamination_moderate': 0.1, 'contamination_mild': 0.2, 'n_estimators': 100}"
direction,6,kalman,0.12264816971490064,0.12264816971490064,0.0,"{'process_noise': 1e-06, 'measurement_noise': 0.001}"
direction,6,cusum,0.1032029984673387,0.13085987148137146,26.79851692757309,"{'threshold': 2.5, 'drift': 0.3}"
direction,12,hmm4,0.25476980887361794,0.25476980887361794,0.0,"{'n_states': 3, 'n_iter': 100, 'covariance_type': 'diag'}"
direction,12,hmm5,0.26932265089578916,0.26932265089578916,0.0,"{'n_states': 4, 'n_iter': 100, 'covariance_type': 'diag'}"
direction,12,garch,0.04757708037422165,0.04757708037422165,0.0,"{'p': 1, 'q': 1, 'mean': 'Zero'}"
direction,12,if,0.08626045512820822,0.08626045512820822,0.0,"{'contamination_extreme': 0.005, 'contamination_moderate': 0.02, 'contamination_mild': 0.05, 'n_estimators': 100}"
direction,12,kalman,0.08165906864398746,0.10341410212296719,26.641295131378577,"{'process_noise': 1e-05, 'measurement_noise': 0.001}"
direction,12,cusum,0.08332047501637412,0.10455313872726345,25.483128494786776,"{'threshold': 5.0, 'drift': 0.0}"
vol_regime,1,hmm4,0.2915229664698224,0.31516657174208706,8.110374821776583,"{'n_states': 4, 'n_iter': 100, 'covariance_type': 'diag'}"
vol_regime,1,hmm5,0.332658264584925,0.4242313346544884,27.527670230536412,"{'n_states': 5, 'n_iter': 100, 'covariance_type': 'diag'}"
vol_regime,1,garch,0.45359904441840265,0.45359904441840265,0.0,"{'p': 1, 'q': 1, 'mean': 'Zero'}"
vol_regime,1,if,0.23835906702805734,0.2907547307930731,21.981821131582237,"{'contamination_extreme': 0.03, 'contamination_moderate': 0.1, 'contamination_mild': 0.2, 'n_estimators': 100}"
vol_regime,1,kalman,0.037318793628575674,0.06430802406169546,72.32074729353964,"{'process_noise': 0.001, 'measurement_noise': 0.001}"
vol_regime,1,cusum,0.09817853461379882,0.10333689561855691,5.254061924074693,"{'threshold': 5.0, 'drift': 0.0}"
vol_regime,3,hmm4,0.2915229664698224,0.31516657174208706,8.110374821776583,"{'n_states': 4, 'n_iter': 100, 'covariance_type': 'diag'}"
vol_regime,3,hmm5,0.332658264584925,0.4242313346544884,27.527670230536412,"{'n_states': 5, 'n_iter': 100, 'covariance_type': 'diag'}"
vol_regime,3,garch,0.45359904441840265,0.45359904441840265,0.0,"{'p': 1, 'q': 1, 'mean': 'Zero'}"
vol_regime,3,if,0.23835906702805734,0.2907547307930731,21.981821131582237,"{'contamination_extreme': 0.03, 'contamination_moderate': 0.1, 'contamination_mild': 0.2, 'n_estimators': 100}"
vol_regime,3,kalman,0.037318793628575674,0.06430802406169546,72.32074729353964,"{'process_noise': 0.001, 'measurement_noise': 0.001}"
vol_regime,3,cusum,0.09817853461379882,0.10333689561855691,5.254061924074693,"{'threshold': 5.0, 'drift': 0.0}"
vol_regime,6,hmm4,0.2915229664698224,0.31516657174208706,8.110374821776583,"{'n_states': 4, 'n_iter': 100, 'covariance_type': 'diag'}"
vol_regime,6,hmm5,0.332658264584925,0.4242313346544884,27.527670230536412,"{'n_states': 5, 'n_iter': 100, 'covariance_type': 'diag'}"
vol_regime,6,garch,0.45359904441840265,0.45359904441840265,0.0,"{'p': 1, 'q': 1, 'mean': 'Zero'}"
vol_regime,6,if,0.23835906702805734,0.2907547307930731,21.981821131582237,"{'contamination_extreme': 0.03, 'contamination_moderate': 0.1, 'contamination_mild': 0.2, 'n_estimators': 100}"
vol_regime,6,kalman,0.037318793628575674,0.06430802406169546,72.32074729353964,"{'process_noise': 0.001, 'measurement_noise': 0.001}"
vol_regime,6,cusum,0.09817853461379882,0.10333689561855691,5.254061924074693,"{'threshold': 5.0, 'drift': 0.0}"
vol_regime,12,hmm4,0.33670769476511064,0.3605162404698587,7.070983548907915,"{'n_states': 4, 'n_iter': 100, 'covariance_type': 'diag'}"
vol_regime,12,hmm5,0.3718408340313471,0.4467933892400797,20.15716090030444,"{'n_states': 5, 'n_iter': 100, 'covariance_type': 'diag'}"
vol_regime,12,garch,0.5802352912580072,0.5802352912580072,0.0,"{'p': 1, 'q': 1, 'mean': 'Zero'}"
vol_regime,12,if,0.2663860572084115,0.31392319459895757,17.84520477111705,"{'contamination_extreme': 0.03, 'contamination_moderate': 0.1, 'contamination_mild': 0.2, 'n_estimators': 100}"
vol_regime,12,kalman,0.07326533395923517,0.07326533395923517,0.0,"{'process_noise': 1e-06, 'measurement_noise': 0.001}"
vol_regime,12,cusum,0.15141934029111356,0.1698234773550432,12.154416356950486,"{'threshold': 4.0, 'drift': 0.1}"
trend_regime,1,hmm4,0.2597163570895572,0.2836133993902935,9.201208028840464,"{'n_states': 4, 'n_iter': 100, 'covariance_type': 'diag'}"
trend_regime,1,hmm5,0.30660813446650176,0.30660813446650176,0.0,"{'n_states': 4, 'n_iter': 100, 'covariance_type': 'diag'}"
trend_regime,1,garch,0.47329107696192213,0.47329107696192213,0.0,"{'p': 1, 'q': 1, 'mean': 'Zero'}"
trend_regime,1,if,0.12246301649826156,0.1435819501835943,17.245152282879232,"{'contamination_extreme': 0.03, 'contamination_moderate': 0.1, 'contamination_mild': 0.2, 'n_estimators': 100}"
trend_regime,1,kalman,0.05854348165563138,0.05854348165563138,0.0,"{'process_noise': 1e-06, 'measurement_noise': 0.001}"
trend_regime,1,cusum,0.09583553617339204,0.12493292848939579,30.36179842867348,"{'threshold': 3.0, 'drift': 0.2}"
trend_regime,3,hmm4,0.2597163570895572,0.2836133993902935,9.201208028840464,"{'n_states': 4, 'n_iter': 100, 'covariance_type': 'diag'}"
trend_regime,3,hmm5,0.30660813446650176,0.30660813446650176,0.0,"{'n_states': 4, 'n_iter': 100, 'covariance_type': 'diag'}"
trend_regime,3,garch,0.47329107696192213,0.47329107696192213,0.0,"{'p': 1, 'q': 1, 'mean': 'Zero'}"
trend_regime,3,if,0.12246301649826156,0.1435819501835943,17.245152282879232,"{'contamination_extreme': 0.03, 'contamination_moderate': 0.1, 'contamination_mild': 0.2, 'n_estimators': 100}"
trend_regime,3,kalman,0.05854348165563138,0.05854348165563138,0.0,"{'process_noise': 1e-06, 'measurement_noise': 0.001}"
trend_regime,3,cusum,0.09583553617339204,0.12493292848939579,30.36179842867348,"{'threshold': 3.0, 'drift': 0.2}"
trend_regime,6,hmm4,0.04850301015584989,0.21849806446979742,350.48351384320137,"{'n_states': 4, 'n_iter': 100, 'covariance_type': 'diag'}"
trend_regime,6,hmm5,0.24141072653722487,0.24141072653722487,0.0,"{'n_states': 4, 'n_iter': 100, 'covariance_type': 'diag'}"
trend_regime,6,garch,0.08274058683867039,0.08274058683867039,0.0,"{'p': 1, 'q': 1, 'mean': 'Zero'}"
trend_regime,6,if,0.3234764806815897,0.3234764806815897,0.0,"{'contamination_extreme': 0.005, 'contamination_moderate': 0.02, 'contamination_mild': 0.05, 'n_estimators': 100}"
trend_regime,6,kalman,0.0513883227536401,0.05591890768725597,8.816370511518484,"{'process_noise': 1e-05, 'measurement_noise': 0.001}"
trend_regime,6,cusum,0.09394799997908265,0.10691349345921719,13.800712610189978,"{'threshold': 5.0, 'drift': 0.0}"
trend_regime,12,hmm4,0.30024970387123434,0.45092016637758775,50.18171893717178,"{'n_states': 4, 'n_iter': 100, 'covariance_type': 'diag'}"
trend_regime,12,hmm5,0.4697707294300589,0.4697707294300589,0.0,"{'n_states': 4, 'n_iter': 100, 'covariance_type': 'diag'}"
trend_regime,12,garch,0.5370009745806167,0.5370009745806167,0.0,"{'p': 1, 'q': 1, 'mean': 'Zero'}"
trend_regime,12,if,0.2183831302653512,0.23561562045090656,7.8909438492875585,"{'contamination_extreme': 0.03, 'contamination_moderate': 0.1, 'contamination_mild': 0.2, 'n_estimators': 100}"
trend_regime,12,kalman,0.04646997704098476,0.04646997704098476,0.0,"{'process_noise': 1e-06, 'measurement_noise': 0.001}"
trend_regime,12,cusum,0.22928997999881584,0.310833991736246,35.56370485001189,"{'threshold': 5.0, 'drift': 0.0}"
