feature,ic,ic_pvalue,hit_rate,n_samples,domain,ic_qvalue,is_significant,abs_ic,horizon_bars,horizon_label
V_hurstExponent_63_rat_N,0.12971553777978387,1.4631872760063461e-21,0.5202312138728323,5375,Volatility,2.4288908781705345e-19,True,0.12971553777978387,12,96h
V_hurstExponent_126_rat_N,0.09597218136214836,2.5342109495592174e-12,0.5167924528301887,5312,Volatility,2.1033950881341506e-10,True,0.09597218136214836,12,96h
V_skew_42_rat_N,0.08328617032777866,9.33400250268066e-10,0.5317607726597325,5396,Volatility,5.164814718149965e-08,True,0.08328617032777866,12,96h
M_T_V_adx_12_bnd_N,0.06175842958681407,5.311570245402855e-06,0.519447004608295,5437,Volatility,0.0002204301651842185,True,0.06175842958681407,12,96h
N_V_bollingerBandwidth_42_pct_N,0.05497109440882312,5.4362134024779385e-05,0.5186629526462395,5397,Volatility,0.0018048228496226758,True,0.05497109440882312,12,96h
D_N_closeVsMarkVol_21_pct_N,-0.053487080647274136,8.334518644602229e-05,0.5181280059193488,5418,Other,0.002305883491673283,True,0.053487080647274136,12,96h
L_M_S_cmf_21_bnd_N,-0.05233935642387359,0.00011810500174074968,0.47058823529411764,5418,Volume,0.0028007757555663496,True,0.05233935642387359,12,96h
L_M_S_cmf_12_bnd_N,-0.051194068368286286,0.00016403210063338652,0.47331486611265006,5427,Volume,0.00340366608814277,True,0.051194068368286286,12,96h
F_I_M_fundingMaDiff_7_21_pct_N,-0.04974479155842559,0.00024666725587978655,0.4467379284924438,5438,Funding,0.004549640497338286,True,0.04974479155842559,12,96h
L_M_S_cmf_6_bnd_N,-0.04644392073799379,0.0006248219065060841,0.4742667404537908,5433,Volume,0.010372043648000996,True,0.04644392073799379,12,96h
V_autocorr_21_bnd_N,-0.04455010681622394,0.0010523819315762864,0.47955596669750233,5417,Volatility,0.01588140005833305,True,0.04455010681622394,12,96h
S_longShortRatio_rat_N,-0.044012572205374474,0.0018881873463760432,0.5180650341228422,4994,Sentiment,0.026119924958201934,True,0.044012572205374474,12,96h
S_N_longShortZscore_21_zsc_N,-0.03839107693780543,0.006951047949533334,0.49453662484823957,4954,Sentiment,0.08733902862777658,False,0.03839107693780543,12,96h
S_M_longShortChange_3_pct_N,-0.03729032586688962,0.008513233896613024,0.5037170986538075,4989,Sentiment,0.08832480167736012,False,0.03729032586688962,12,96h
D_F_N_S_premiumZscore_21_zsc_N,-0.03637673938324527,0.007365942173426941,0.48286030224843346,5438,Premium,0.08733902862777658,False,0.03637673938324527,12,96h
L_N_S_oiRatio_21_rat_N,-0.036084785920584346,0.007968474183726601,0.5181280059193488,5418,OpenInterest,0.08818444763324104,False,0.036084785920584346,12,96h
D_N_closeVsMarkVol_12_pct_N,-0.03541027930992734,0.009162233606456795,0.5185595567867036,5427,Other,0.08946651639246048,False,0.03541027930992734,12,96h
S_M_longShortChange_12_pct_N,-0.034050996743838643,0.016388629369374973,0.5,4980,Sentiment,0.12394367429059523,False,0.034050996743838643,12,96h
V_volMomentum_21_pct_N,0.03343344123867481,0.0140561227606556,0.5112140871177016,5407,Volatility,0.12394367429059523,False,0.03343344123867481,12,96h
L_M_S_mfi_6_bnd_N,0.03333056755837021,0.015591306708062084,0.5070288753799392,5276,Volume,0.12394367429059523,False,0.03333056755837021,12,96h
D_F_T_premiumMa_7_pct_N,-0.03319464713983525,0.014474203696233602,0.5033173608551419,5438,Premium,0.12394367429059523,False,0.03319464713983525,12,96h
M_T_V_adx_6_bnd_N,0.03257393645288324,0.016426270086705393,0.519447004608295,5437,Volatility,0.12394367429059523,False,0.03257393645288324,12,96h
L_M_N_S_oiRoc_12_pct_N,-0.03059800092233483,0.024359913683162922,0.49187292205393424,5426,OpenInterest,0.1758150291915237,False,0.03059800092233483,12,96h
C_N_upperShadow_bnd_N,0.030030254556661883,0.02696255961694855,0.5164025064504238,5438,Candlestick,0.1864910373505608,False,0.030030254556661883,12,96h
V_D_F_S_premiumRange_pct_N,0.02948593176037835,0.029859703180112995,0.5193512716549945,5438,Volatility,0.1982684291159503,False,0.02948593176037835,12,96h
D_N_closeVsMarkVol_6_pct_N,-0.029182900170689228,0.03166419136863243,0.5176166758900572,5433,Other,0.2021636833535763,False,0.029182900170689228,12,96h
D_N_V_markAtrRatio_21_rat_N,-0.028713626508149744,0.03444364438398204,0.519447004608295,5437,Volatility,0.21176462843485255,False,0.028713626508149744,12,96h
F_I_M_fundingMaDiff_3_21_pct_N,-0.027997234899330203,0.03918448918498105,0.45281975672687064,5438,Funding,0.2273513638206263,False,0.027997234899330203,12,96h
M_V_calmar_21_rat_N,-0.027637516015667735,0.042174665458584844,0.4827012025901943,5417,Volatility,0.2273513638206263,False,0.027637516015667735,12,96h
B_TM_dayOfWeek_bin,0.027620830620018737,0.04190039553637639,0.4450792480648728,5438,Other,0.2273513638206263,False,0.027620830620018737,12,96h
V_rogersSatchell_12_pct_N,0.027292252764676752,0.04461601314832805,0.5185595567867036,5427,Volatility,0.2273513638206263,False,0.027292252764676752,12,96h
M_P_roc_21_pct_N,-0.027223657131347608,0.04535403853675797,0.4827012025901943,5417,Momentum,0.2273513638206263,False,0.027223657131347608,12,96h
M_winRate_6_bnd_N,0.027199886593643276,0.045223819428112974,0.5157719977863863,5433,Other,0.2273513638206263,False,0.027199886593643276,12,96h
M_N_T_stochasticD_12_bnd_N,-0.02705231378503447,0.04656594198735719,0.5183816737483835,5425,Oscillator,0.2273513638206263,False,0.02705231378503447,12,96h
V_kurtosis_21_rat_N,-0.026872236802714163,0.04821009365925196,0.5074930619796485,5417,Volatility,0.2283043423796628,False,0.026872236802714163,12,96h
F_I_fundingCumulative_7_pct_N,-0.026647655010547503,0.049669474074205154,0.5140066347217103,5438,Funding,0.2283043423796628,False,0.026647655010547503,12,96h
F_I_N_S_fundingZscore_21_zsc_N,-0.02650693148404404,0.050887112458117605,0.46037596756358273,5438,Funding,0.2283043423796628,False,0.02650693148404404,12,96h
V_garmanKlass_12_pct_N,0.0258175883259483,0.057471354435849685,0.5185595567867036,5427,Volatility,0.23503617429828189,False,0.0258175883259483,12,96h
V_skew_21_rat_N,0.025469302930287287,0.06115947147330528,0.49324699352451434,5417,Volatility,0.23503617429828189,False,0.025469302930287287,12,96h
M_V_sharpe_21_rat_N,-0.02540966888987147,0.06176828030148364,0.4827012025901943,5417,Volatility,0.23503617429828189,False,0.02540966888987147,12,96h
V_atrPct_12_pct_N,0.025297519192385154,0.06244152888734141,0.519447004608295,5437,Volatility,0.23503617429828189,False,0.025297519192385154,12,96h
F_I_T_fundingMa_7_pct_N,-0.025291643769850252,0.0624782640420937,0.5140066347217103,5438,Funding,0.23503617429828189,False,0.025291643769850252,12,96h
D_N_V_markAtrRatio_12_rat_N,-0.025267163677287947,0.06275674127335412,0.519447004608295,5437,Volatility,0.23503617429828189,False,0.025267163677287947,12,96h
V_atrPct_6_pct_N,0.025145999037090652,0.06402804818442676,0.519447004608295,5437,Volatility,0.23503617429828189,False,0.025145999037090652,12,96h
M_P_V_momAtr_21_rat_N,-0.025108287955110838,0.06492229116281995,0.4827012025901943,5417,Momentum,0.23503617429828189,False,0.025108287955110838,12,96h
V_yangZhang_12_pct_N,0.024960879264840453,0.06653783086280199,0.518319763138416,5416,Volatility,0.23503617429828189,False,0.024960879264840453,12,96h
M_N_rsi_21_bnd_N,-0.024955476066164564,0.06654638669891114,0.5181280059193488,5418,Oscillator,0.23503617429828189,False,0.024955476066164564,12,96h
M_N_stochasticK_12_bnd_N,-0.024673628851510008,0.06944592106264834,0.5185595567867036,5427,Oscillator,0.24016714367499217,False,0.024673628851510008,12,96h
L_S_oiVolumeRatio_21_rat_N,-0.024286413576766218,0.07417680851419393,0.5181280059193488,5418,OpenInterest,0.25129286149706515,False,0.024286413576766218,12,96h
M_V_sortino_21_rat_N,-0.024033344537228562,0.07727063082296536,0.4827012025901943,5417,Volatility,0.25198706078214245,False,0.024033344537228562,12,96h
M_N_T_stochasticD_6_bnd_N,-0.023860021142135097,0.07904180471224544,0.5189149289536815,5431,Oscillator,0.25198706078214245,False,0.023860021142135097,12,96h
L_N_volOiRatio_rat_N,0.02384908152482773,0.07898575574626214,0.5195355694802801,5438,OpenInterest,0.25198706078214245,False,0.02384908152482773,12,96h
L_S_oiVolumeRatio_12_rat_N,-0.023537470590278255,0.08329413856202977,0.5185595567867036,5427,OpenInterest,0.25198706078214245,False,0.023537470590278255,12,96h
N_P_L_vwapDeviation_pct_N,-0.023511635316130194,0.08331986138330513,0.48931072613343163,5438,Other,0.25198706078214245,False,0.023511635316130194,12,96h
D_F_T_premiumMa_3_pct_N,-0.02342717696798536,0.08443424102429647,0.4985256173977147,5438,Premium,0.25198706078214245,False,0.02342717696798536,12,96h
L_S_oiVolumeRatio_6_rat_N,-0.023394850535053382,0.08500768315542155,0.5190924183729939,5433,OpenInterest,0.25198706078214245,False,0.023394850535053382,12,96h
F_I_fundingCumulative_3_pct_N,-0.02308759094345825,0.08903714191137882,0.5086619977884261,5438,Funding,0.2586204706644288,False,0.02308759094345825,12,96h
F_I_T_fundingMa_3_pct_N,-0.022992519918464065,0.0903613692682944,0.5086619977884261,5438,Funding,0.2586204706644288,False,0.022992519918464065,12,96h
D_N_V_markAtrRatio_6_rat_N,-0.02273740052926794,0.09402360257727428,0.519447004608295,5437,Volatility,0.2601367789337623,False,0.02273740052926794,12,96h
D_F_N_S_premiumZscore_42_zsc_N,-0.02267335889825224,0.09492313488676102,0.48931072613343163,5438,Premium,0.2601367789337623,False,0.02267335889825224,12,96h
L_M_S_obv_42_zsc_N,0.02260905445819716,0.0971595198427305,0.49981426448737,5396,Volatility,0.2601367789337623,False,0.02260905445819716,12,96h
V_parkinson_12_pct_N,0.022577792276209215,0.09666263808058544,0.5185595567867036,5427,Volatility,0.2601367789337623,False,0.022577792276209215,12,96h
V_yangZhang_21_pct_N,0.02226949149382649,0.10222372589534072,0.5185666542888971,5398,Volatility,0.2659092945695878,False,0.02226949149382649,12,96h
V_atrPct_21_pct_N,0.022170193964648702,0.10251924609911818,0.519447004608295,5437,Volatility,0.2659092945695878,False,0.022170193964648702,12,96h
M_winRate_12_bnd_N,0.021314764922281345,0.11681139070089505,0.5185595567867036,5427,Other,0.2983183208669012,False,0.021314764922281345,12,96h
S_N_longShortZscore_63_zsc_N,-0.02118347492380381,0.1398740511625578,0.4946480032935364,4870,Sentiment,0.32474405776597975,False,0.02118347492380381,12,96h
N_P_T_priceSmaDeviation_21_pct_N,-0.021069006577573744,0.12140021861526204,0.4811320754716981,5418,Other,0.3037593146406586,False,0.021069006577573744,12,96h
D_N_premiumRange_rat_N,0.020964491004251205,0.12260165108990437,0.5192626728110599,5437,Other,0.3037593146406586,False,0.020964491004251205,12,96h
M_N_stochasticK_6_bnd_N,-0.02071929268725442,0.1271791975100387,0.5190924183729939,5433,Oscillator,0.30605499007680725,False,0.02071929268725442,12,96h
V_atrPct_3_pct_N,0.020709667332992884,0.1272156284054199,0.519447004608295,5437,Volatility,0.30605499007680725,False,0.020709667332992884,12,96h
V_rogersSatchell_21_pct_N,0.020609645776453665,0.12973565632246403,0.5181280059193488,5418,Volatility,0.307658842136129,False,0.020609645776453665,12,96h
B_consecutiveUp_bnd_N,0.0199943921893354,0.1408528443322322,0.2637301879837818,5438,Other,0.32474405776597975,False,0.0199943921893354,12,96h
V_garmanKlass_21_pct_N,0.01960323196883154,0.1495443701290616,0.5181280059193488,5418,Volatility,0.34005980056745516,False,0.01960323196883154,12,96h
V_autocorr_12_bnd_N,-0.01915686429554234,0.15872762774563792,0.4811599556704839,5426,Volatility,0.356064678456431,False,0.01915686429554234,12,96h
V_parkinson_21_pct_N,0.018423177360452545,0.17561672919093418,0.5181280059193488,5418,Volatility,0.38869836060926766,False,0.018423177360452545,12,96h
N_P_V_pctB_21_bnd_N,-0.018014656584364342,0.185390849839788,0.5127635960044395,5418,Volatility,0.39967378017408844,False,0.018014656584364342,12,96h
N_P_zScore_21_zsc_N,-0.018014656584364342,0.185390849839788,0.4811320754716981,5418,Other,0.39967378017408844,False,0.018014656584364342,12,96h
M_T_ppo_8_21_pct_N,-0.017564657899009822,0.19579022657577763,0.4883892370070033,5438,Trend,0.41668176425101394,False,0.017564657899009822,12,96h
F_I_N_S_fundingZscore_42_zsc_N,-0.017428879291272948,0.199268951709854,0.47567268706229265,5438,Funding,0.41871703777007296,False,0.017428879291272948,12,96h
M_T_ppo_12_26_pct_N,-0.01723113628614719,0.20441567784173958,0.4939181717655732,5438,Trend,0.4231208422128418,False,0.01723113628614719,12,96h
L_M_S_obv_21_zsc_N,0.01718680023161423,0.20646257963397702,0.49491211840888066,5417,Volatility,0.4231208422128418,False,0.01718680023161423,12,96h
L_M_S_mfi_12_bnd_N,0.016268051542155482,0.23146911661837274,0.5184774575018477,5424,Volume,0.4685838214469497,False,0.016268051542155482,12,96h
V_maxDrawdown_21_pct_N,-0.015841008308480748,0.24421258575301552,0.4816870144284129,5418,Volatility,0.488425171506031,False,0.015841008308480748,12,96h
V_kurtosis_12_rat_N,-0.015725987785919493,0.24730472929015299,0.5068341337273735,5426,Volatility,0.4887212507400643,False,0.015725987785919493,12,96h
V_volMomentum_12_pct_N,-0.015049294772892003,0.26850216238472496,0.49870562130177515,5420,Volatility,0.5243689288925216,False,0.015049294772892003,12,96h
C_N_lowerShadow_bnd_N,-0.01474288739486119,0.2775717618826282,0.5164025064504238,5438,Candlestick,0.5341906423499614,False,0.01474288739486119,12,96h
L_M_N_S_oiRoc_6_pct_N,-0.014677725159612211,0.2799673848460641,0.4940959409594096,5432,OpenInterest,0.5341906423499614,False,0.014677725159612211,12,96h
V_skew_12_rat_N,0.014488858535017246,0.2864695845403421,0.49704469892870334,5426,Volatility,0.5403858072010999,False,0.014488858535017246,12,96h
D_F_T_premiumMa_21_pct_N,-0.014346432117428386,0.29069920868734134,0.5068190195355695,5438,Premium,0.5422030184505467,False,0.014346432117428386,12,96h
V_volMomentum_6_pct_N,-0.013970310961173097,0.3039349846560687,0.4947387853055197,5429,Volatility,0.5512375598877801,False,0.013970310961173097,12,96h
D_N_markCloseDeviation_pct_N,0.013959408416074617,0.3039109889031439,0.3866568374493181,5438,Other,0.5512375598877801,False,0.013959408416074617,12,96h
L_N_S_oiRatio_12_rat_N,-0.013927602614880429,0.3055051536727456,0.5185595567867036,5427,OpenInterest,0.5512375598877801,False,0.013927602614880429,12,96h
N_M_cci_21_zsc_N,-0.01336050881754848,0.3269205250509504,0.4844040103973264,5398,Other,0.5835355608436319,False,0.01336050881754848,12,96h
N_P_zScore_42_zsc_N,-0.013065914744360708,0.33774588421795637,0.4934076137418756,5397,Other,0.5964448593636251,False,0.013065914744360708,12,96h
V_volOfVol_21_pct_N,-0.01262353053502429,0.3536885530300704,0.5187037037037037,5412,Volatility,0.618024208452544,False,0.01262353053502429,12,96h
L_M_N_volumeRoc_12_pct_N,-0.012487702720070394,0.35826955393668203,0.4966752862947913,5426,Volume,0.619507770348846,False,0.012487702720070394,12,96h
B_C_candleDirection_bin,0.012260757258664823,0.36654168641896145,0.5,5438,Candlestick,0.6272775252118309,False,0.012260757258664823,12,96h
M_D_F_S_premiumChange_pct_N,-0.011457869781102675,0.3987611524671344,0.49225949133800223,5438,Premium,0.6725501824398513,False,0.011457869781102675,12,96h
M_P_roc_12_pct_N,-0.011413802186886049,0.40109920519003184,0.4892870336165497,5426,Momentum,0.6725501824398513,False,0.011413802186886049,12,96h
N_V_atrPercentile_21_rnk_N,-0.01106001637734753,0.41624392944870725,0.5182238667900092,5417,Volatility,0.6909649228848541,False,0.01106001637734753,12,96h
M_T_V_diDiff_6_bnd_N,0.010652685701310234,0.43276980634249074,0.4875576036866359,5437,Volatility,0.7112850282460739,False,0.010652685701310234,12,96h
M_N_rsi_12_bnd_N,-0.010152105569832646,0.45511996809254707,0.5185595567867036,5427,Oscillator,0.7406854382682629,False,0.010152105569832646,12,96h
N_P_T_priceSmaDeviation_12_pct_N,-0.009758453107869228,0.47279211763642903,0.480517082179132,5427,Other,0.7553798800826246,False,0.009758453107869228,12,96h
V_volOfVol_6_pct_N,0.009730256707642734,0.4740722643997233,0.5185595567867036,5427,Volatility,0.7553798800826246,False,0.009730256707642734,12,96h
B_consecutiveDown_bnd_N,-0.009601668363648555,0.4794884540010088,0.255436785845927,5438,Other,0.7553798800826246,False,0.009601668363648555,12,96h
D_N_V_markCloseRange_rat_N,-0.009539220376981643,0.4823510077636036,0.3995576852193144,5438,Volatility,0.7553798800826246,False,0.009539220376981643,12,96h
N_P_T_priceEmaDeviation_21_pct_N,-0.00933666002661536,0.49169975601403726,0.49244378916328785,5438,Other,0.7576869952594294,False,0.00933666002661536,12,96h
M_N_rocAccel_3_dif_N,-0.009314818055409653,0.49295298486758055,0.4952029520295203,5432,Momentum,0.7576869952594294,False,0.009314818055409653,12,96h
N_M_cci_12_zsc_N,-0.008642166458282047,0.525319502080792,0.48094004441154703,5416,Other,0.7932130318493033,False,0.008642166458282047,12,96h
F_I_M_fundingMaDiff_3_7_pct_N,0.008618301032432631,0.5256230933941166,0.4295982307408773,5438,Funding,0.7932130318493033,False,0.008618301032432631,12,96h
M_P_V_momAtr_12_rat_N,-0.008465166030747569,0.5334597925627661,0.4892870336165497,5426,Momentum,0.7977867168055782,False,0.008465166030747569,12,96h
C_N_bodySize_bnd_N,-0.007921436092050352,0.5596384017298857,0.5193512716549945,5438,Candlestick,0.8294640597067948,False,0.007921436092050352,12,96h
M_N_V_rangeExpansion_12_rat_N,-0.007572435742524412,0.5774524295284982,0.5185595567867036,5427,Volatility,0.842889336481162,False,0.007572435742524412,12,96h
V_returnStd_21_pct_N,0.0075515922814967645,0.5788517130051354,0.5182238667900092,5417,Volatility,0.842889336481162,False,0.0075515922814967645,12,96h
M_N_V_rangeExpansion_6_rat_N,-0.007020808816724568,0.6052878596384313,0.5190924183729939,5433,Volatility,0.8683459186031687,False,0.007020808816724568,12,96h
N_P_T_priceEmaDeviation_12_pct_N,-0.006933181304258986,0.6096338197508939,0.4854404718024327,5438,Other,0.8683459186031687,False,0.006933181304258986,12,96h
N_P_V_pctB_12_bnd_N,-0.006755405925613721,0.6191898806647695,0.5143120960295475,5427,Volatility,0.8683459186031687,False,0.006755405925613721,12,96h
N_P_zScore_12_zsc_N,-0.006755405925613721,0.6191898806647695,0.480517082179132,5427,Other,0.8683459186031687,False,0.006755405925613721,12,96h
D_F_basis_pct_N,-0.006591286629356508,0.6273807689918574,0.49870991522300034,5438,Premium,0.8683459186031687,False,0.006591286629356508,12,96h
M_P_roc_3_pct_N,-0.0065866155793790244,0.6277199411589172,0.48884381338742394,5435,Momentum,0.8683459186031687,False,0.0065866155793790244,12,96h
F_I_T_fundingMa_21_pct_N,0.0063719683317865344,0.6388804791625443,0.5226686325101364,5438,Funding,0.8686643453157014,False,0.0063719683317865344,12,96h
M_N_V_rangeExpansion_21_rat_N,-0.006336319135525087,0.6413744069532723,0.5181280059193488,5418,Volatility,0.8686643453157014,False,0.006336319135525087,12,96h
L_M_N_S_oiPctChange_pct_N,0.006282094679732679,0.6436488823724775,0.503963133640553,5437,OpenInterest,0.8686643453157014,False,0.006282094679732679,12,96h
M_P_V_momAtr_6_rat_N,0.006009687550056538,0.6582438811178895,0.49206642066420664,5432,Momentum,0.881197453754594,False,0.006009687550056538,12,96h
M_winRate_21_bnd_N,0.005840864421251452,0.6676635417346259,0.5181280059193488,5418,Other,0.8866571834235832,False,0.005840864421251452,12,96h
M_N_rocAccel_6_dif_N,0.005632773166600283,0.67860578697375,0.49427410417436274,5426,Momentum,0.8940361955368451,False,0.005632773166600283,12,96h
N_P_V_pctB_6_bnd_N,0.005335076979116213,0.6945260959835837,0.5190924183729939,5433,Volatility,0.9016269174020634,False,0.005335076979116213,12,96h
V_returnStd_3_pct_N,-0.005321144837601749,0.69523039414135,0.5192697768762677,5435,Volatility,0.9016269174020634,False,0.005321144837601749,12,96h
M_P_S_W_oiWeightedReturn_pct_N,0.00519484228283464,0.7020620248243554,0.5131797235023041,5437,Momentum,0.9034286520995581,False,0.00519484228283464,12,96h
N_P_T_priceEmaDeviation_6_pct_N,-0.0046785147436321246,0.7304339247041384,0.48709915223000366,5438,Other,0.9327079346222075,False,0.0046785147436321246,12,96h
V_returnStd_6_pct_N,-0.004562110785459686,0.7370293542966229,0.5190036900369004,5432,Volatility,0.9339455939941939,False,0.004562110785459686,12,96h
V_kurtosis_42_rat_N,-0.004437674672898298,0.7447696273564886,0.5163447251114414,5396,Volatility,0.9366042283422508,False,0.004437674672898298,12,96h
N_P_T_priceEmaDeviation_3_pct_N,-0.004196002564662457,0.7573112430825343,0.49225949133800223,5438,Other,0.9452155364789526,False,0.004196002564662457,12,96h
N_P_V_pctB_3_bnd_N,0.004026065094091978,0.7668912256519376,0.519358407079646,5436,Volatility,0.9488135069805573,False,0.004026065094091978,12,96h
N_V_bollingerBandwidth_21_pct_N,0.003948499310381298,0.7716254424239473,0.5181280059193488,5418,Volatility,0.9488135069805573,False,0.003948499310381298,12,96h
N_P_T_priceSmaDeviation_3_pct_N,-0.0036360426043276846,0.78891043372511,0.49852507374631266,5436,Other,0.962934794105649,False,0.0036360426043276846,12,96h
V_volOfVol_12_pct_N,0.0034186643752984556,0.8015269881851426,0.5180255130338325,5421,Volatility,0.9711932849542603,False,0.0034186643752984556,12,96h
M_V_calmar_42_rat_N,0.0030460999639157814,0.823178697533595,0.49108469539375926,5396,Volatility,0.9804422209982994,False,0.0030460999639157814,12,96h
M_T_V_diDiff_12_bnd_N,0.0028332305882289633,0.8347349077613329,0.4875576036866359,5437,Volatility,0.9804422209982994,False,0.0028332305882289633,12,96h
N_M_cci_6_zsc_N,-0.0027747787795704953,0.8382293444985196,0.48892171344165436,5428,Other,0.9804422209982994,False,0.0027747787795704953,12,96h
F_I_fundingCumulative_21_pct_N,0.0026961490502047567,0.8426095405119904,0.5226686325101364,5438,Funding,0.9804422209982994,False,0.0026961490502047567,12,96h
V_maxDrawdown_42_pct_N,-0.002634427168316367,0.8467424582672174,0.4811513463324048,5397,Volatility,0.9804422209982994,False,0.002634427168316367,12,96h
N_P_T_priceSmaDeviation_6_pct_N,-0.002555958377101286,0.8507625292924701,0.49031543995572774,5433,Other,0.9804422209982994,False,0.002555958377101286,12,96h
M_V_sortino_42_rat_N,0.002359532113282247,0.8625787452755341,0.49108469539375926,5396,Volatility,0.9804422209982994,False,0.002359532113282247,12,96h
M_V_sharpe_42_rat_N,0.0023553454001544417,0.8628201647707019,0.49108469539375926,5396,Volatility,0.9804422209982994,False,0.0023553454001544417,12,96h
M_P_D_markReturnDiff_pct_N,-0.0021884149474311735,0.8719753587575294,0.4582488479262673,5437,Momentum,0.9804422209982994,False,0.0021884149474311735,12,96h
L_M_N_volumeRoc_6_pct_N,-0.002123986914967721,0.8757702265020018,0.4940959409594096,5432,Volume,0.9804422209982994,False,0.002123986914967721,12,96h
L_M_N_S_oiRoc_3_pct_N,0.001951294681228036,0.8857671074507626,0.504886594136087,5435,OpenInterest,0.9804422209982994,False,0.001951294681228036,12,96h
M_P_roc_6_pct_N,0.0017920858686694442,0.8950600663919502,0.49206642066420664,5432,Momentum,0.9804422209982994,False,0.0017920858686694442,12,96h
M_P_logReturn_pct_N,0.001756659588257017,0.8970756911804327,0.49972350230414747,5437,Momentum,0.9804422209982994,False,0.001756659588257017,12,96h
V_returnStd_12_pct_N,-0.0017342270837684612,0.898485422035649,0.518470631695604,5426,Volatility,0.9804422209982994,False,0.0017342270837684612,12,96h
L_N_S_oiRatio_6_rat_N,-0.0015722590545487055,0.9078627363091621,0.5190924183729939,5433,OpenInterest,0.9804422209982994,False,0.0015722590545487055,12,96h
M_P_V_momAtr_3_rat_N,0.0015609468386019434,0.9085059242414882,0.48884381338742394,5435,Momentum,0.9804422209982994,False,0.0015609468386019434,12,96h
L_N_volumeRatio_6_rat_N,0.00137928800479049,0.9191296847597057,0.5190924183729939,5433,Volume,0.9804422209982994,False,0.00137928800479049,12,96h
L_V_amihudIlliquidity_63_rat_N,-0.0013724412830728424,0.9199601372333348,0.5202312138728323,5375,Volatility,0.9804422209982994,False,0.0013724412830728424,12,96h
L_M_S_mfi_21_bnd_N,-0.0012914957527551305,0.9243656942726063,0.5181280059193488,5418,Volume,0.9804422209982994,False,0.0012914957527551305,12,96h
F_TM_fundingCyclePosition_bin,-0.0011741031879170037,0.9310958449577311,0.3438997419830446,5438,Other,0.9804422209982994,False,0.0011741031879170037,12,96h
N_V_atrPercentile_42_rnk_N,-0.0010964290691060702,0.9358931648632863,0.5187592867756315,5396,Volatility,0.9804422209982994,False,0.0010964290691060702,12,96h
D_markIndexSpread_pct_N,0.0009793239729694282,0.9425050097734433,0.4553999262808699,5438,Other,0.9804422209982994,False,0.0009793239729694282,12,96h
M_P_L_vwapReturn_pct_N,-0.0008615361517234159,0.9494149502875286,0.49474654377880184,5437,Momentum,0.9804422209982994,False,0.0008615361517234159,12,96h
L_V_amihudIlliquidity_21_rat_N,0.0007541631331065617,0.9557940789576165,0.5182238667900092,5417,Volatility,0.9804422209982994,False,0.0007541631331065617,12,96h
L_V_amihudIlliquidity_12_rat_N,0.0007360799101814076,0.9568171072393041,0.518470631695604,5426,Volatility,0.9804422209982994,False,0.0007360799101814076,12,96h
M_N_rsi_6_bnd_N,0.0006071669644283536,0.9646351846306915,0.5143392689784443,5347,Oscillator,0.9823892064337103,False,0.0006071669644283536,12,96h
L_M_N_volumeRoc_3_pct_N,0.00037605563031500004,0.977912001447256,0.5037801954637654,5435,Volume,0.9881271752831835,False,0.00037605563031500004,12,96h
L_N_volumeRatio_21_rat_N,0.0003039469000327891,0.9821746019381041,0.5181280059193488,5418,Volume,0.9881271752831835,False,0.0003039469000327891,12,96h
L_N_volumeRatio_12_rat_N,-0.00015970536012173924,0.9906254912241459,0.5185595567867036,5427,Volume,0.9906254912241458,False,0.00015970536012173924,12,96h
