feature,ic,ic_pvalue,hit_rate,n_samples,domain,ic_qvalue,is_significant,abs_ic
D_F_N_S_premiumZscore_21_zsc_N,-0.0449762173562014,0.0009089744646017404,0.4901600147139967,5438,Premium,0.13996162135504198,False,0.0449762173562014
M_P_roc_3_pct_N,-0.04259408348285697,0.00168628459463906,0.47129186602870815,5435,Momentum,0.13996162135504198,False,0.04259408348285697
D_F_N_S_premiumZscore_42_zsc_N,-0.038637306218454265,0.004380592495696845,0.4839065661210226,5438,Premium,0.18722774214002322,False,0.038637306218454265
M_P_V_momAtr_3_rat_N,-0.0385208200550887,0.00451151185879574,0.47129186602870815,5435,Momentum,0.18722774214002322,False,0.0385208200550887
M_N_rocAccel_3_dif_N,-0.03214058215525331,0.017851829298041185,0.48388878659547047,5432,Momentum,0.5926807326949673,False,0.03214058215525331
M_T_V_adx_12_bnd_N,0.03034710346460704,0.02525567446522403,0.5073583517292126,5437,Volatility,0.648643203875067,False,0.03034710346460704
M_P_S_W_oiWeightedReturn_pct_N,0.029926588464130363,0.027352424259791983,0.5101177336276674,5437,Momentum,0.648643203875067,False,0.029926588464130363
N_P_T_priceSmaDeviation_6_pct_N,-0.027100137777906725,0.045798654780237376,0.47533136966126655,5433,Other,0.741458100997512,False,0.027100137777906725
V_hurstExponent_63_rat_N,0.02588512960889997,0.057768246730624404,0.5070710829921846,5375,Volatility,0.741458100997512,False,0.02588512960889997
V_skew_42_rat_N,0.02550158261955212,0.0610713253030757,0.5012048192771085,5396,Volatility,0.741458100997512,False,0.02550158261955212
L_M_S_cmf_12_bnd_N,-0.02505720464722162,0.06494842320095205,0.48617766310357535,5427,Volume,0.741458100997512,False,0.02505720464722162
S_N_longShortZscore_63_zsc_N,-0.0250069460454345,0.08102578602787791,0.48593140275210517,4870,Sentiment,0.741458100997512,False,0.0250069460454345
L_M_S_cmf_21_bnd_N,-0.02444485512839796,0.07201843184002846,0.4895698726232232,5418,Volume,0.741458100997512,False,0.02444485512839796
S_N_longShortZscore_21_zsc_N,-0.024020102677756918,0.0909718693791719,0.49626488996567736,4954,Sentiment,0.741458100997512,False,0.024020102677756918
M_N_T_stochasticD_6_bnd_N,-0.02382808642483802,0.07913934591722675,0.5069981583793739,5431,Oscillator,0.741458100997512,False,0.02382808642483802
M_N_stochasticK_6_bnd_N,-0.023765749773622606,0.07987187308023924,0.5069955817378498,5433,Oscillator,0.741458100997512,False,0.023765749773622606
S_M_longShortChange_3_pct_N,-0.02375985670249538,0.09337159157126111,0.4863672814755413,4989,Sentiment,0.741458100997512,False,0.02375985670249538
V_hurstExponent_126_rat_N,0.023210235205941114,0.09077706032835761,0.5055545095085672,5312,Volatility,0.741458100997512,False,0.023210235205941114
N_P_T_priceEmaDeviation_3_pct_N,-0.02317682140025545,0.08748743978512356,0.47029611918337316,5438,Other,0.741458100997512,False,0.02317682140025545
D_F_basis_pct_N,-0.022840866535613246,0.09217646587314389,0.4945742137208019,5438,Premium,0.741458100997512,False,0.022840866535613246
L_M_N_S_oiRoc_6_pct_N,-0.022740374590841356,0.09379891639125151,0.489965015650893,5432,OpenInterest,0.741458100997512,False,0.022740374590841356
M_D_F_S_premiumChange_pct_N,-0.022401264735933346,0.09861460103743849,0.4842744160382564,5438,Premium,0.7440919896461268,False,0.022401264735933346
N_P_T_priceEmaDeviation_6_pct_N,-0.02163349519162089,0.11071500718425774,0.4759977929004966,5438,Other,0.7719122744013953,False,0.02163349519162089
M_P_D_markReturnDiff_pct_N,-0.021581877527688847,0.11160177461224993,0.4505150846210449,5437,Momentum,0.7719122744013953,False,0.021581877527688847
S_longShortRatio_rat_N,-0.020820966375736116,0.14128441321671903,0.5045063088323654,4994,Sentiment,0.808731468757771,False,0.020820966375736116
M_N_stochasticK_12_bnd_N,-0.02069522749605679,0.12744597890651124,0.5071876151861408,5427,Oscillator,0.7846968408937212,False,0.02069522749605679
N_P_L_vwapDeviation_pct_N,-0.02066705491595643,0.12757901611995898,0.47268714364539266,5438,Other,0.7846968408937212,False,0.02066705491595643
M_N_T_stochasticD_12_bnd_N,-0.02046692722329082,0.13177097779387964,0.5071902654867256,5425,Oscillator,0.7846968408937212,False,0.02046692722329082
D_N_markCloseDeviation_pct_N,-0.020411401280574563,0.13235850328327828,0.3812764392128012,5438,Other,0.7846968408937212,False,0.020411401280574563
S_M_longShortChange_12_pct_N,-0.020340212806704054,0.15127718805425794,0.49387427194215705,4980,Sentiment,0.8370671072335606,False,0.020340212806704054
B_consecutiveDown_bnd_N,0.01905704593510123,0.16002272957286348,0.2613573661945926,5438,Other,0.8568959067450108,False,0.01905704593510123
N_M_cci_12_zsc_N,-0.018730438455346644,0.16816823904461745,0.4823638042474608,5416,Other,0.872372740043953,False,0.018730438455346644
V_atrPct_3_pct_N,0.018043317199036887,0.18347798053528283,0.5073583517292126,5437,Volatility,0.9153488922726285,False,0.018043317199036887
V_atrPct_6_pct_N,0.01787981641920793,0.18748109841728536,0.5073583517292126,5437,Volatility,0.9153488922726285,False,0.01787981641920793
N_P_zScore_21_zsc_N,-0.01621872386176663,0.23267146115070036,0.4884622484770168,5418,Other,0.9265976753160645,False,0.01621872386176663
N_P_V_pctB_21_bnd_N,-0.01621872386176663,0.23267146115070036,0.4991692818903452,5418,Volatility,0.9265976753160645,False,0.01621872386176663
N_P_V_pctB_6_bnd_N,-0.015914608335270704,0.24089831074904575,0.5077319587628866,5433,Volatility,0.9265976753160645,False,0.015914608335270704
V_rogersSatchell_12_pct_N,0.01575601445242264,0.2458800820960948,0.5071876151861408,5427,Volatility,0.9265976753160645,False,0.01575601445242264
V_atrPct_12_pct_N,0.015659130603270812,0.24836040669855522,0.5073583517292126,5437,Volatility,0.9265976753160645,False,0.015659130603270812
M_P_roc_6_pct_N,-0.015620325178359443,0.24975277354234487,0.4829681458294973,5432,Momentum,0.9265976753160645,False,0.015620325178359443
D_N_closeVsMarkVol_21_pct_N,-0.015342111949461739,0.2589022811792283,0.5067380468894221,5418,Other,0.9265976753160645,False,0.015342111949461739
V_garmanKlass_12_pct_N,0.015093018940282374,0.2663188287823078,0.5071876151861408,5427,Volatility,0.9265976753160645,False,0.015093018940282374
B_C_candleDirection_bin,-0.01494359657476911,0.2705967163062979,0.4771013426521979,5438,Candlestick,0.9265976753160645,False,0.01494359657476911
L_N_volOiRatio_rat_N,0.014867682090871406,0.2730384509653264,0.5074489608239838,5438,OpenInterest,0.9265976753160645,False,0.014867682090871406
N_P_T_priceEmaDeviation_12_pct_N,-0.014465210964521105,0.2862349247941448,0.4815155416590031,5438,Other,0.9265976753160645,False,0.014465210964521105
D_F_T_premiumMa_3_pct_N,-0.014002983164381845,0.3019140928301971,0.5050579363619643,5438,Premium,0.9265976753160645,False,0.014002983164381845
V_parkinson_12_pct_N,0.0139417035293682,0.3045247691027748,0.5071876151861408,5427,Volatility,0.9265976753160645,False,0.0139417035293682
M_T_V_diDiff_6_bnd_N,-0.01384017984272555,0.30761462600527206,0.4795805739514349,5437,Volatility,0.9265976753160645,False,0.01384017984272555
V_volOfVol_6_pct_N,0.013620378090434484,0.31580715457858455,0.5071876151861408,5427,Volatility,0.9265976753160645,False,0.013620378090434484
M_V_calmar_21_rat_N,-0.01353874857502051,0.3191630523102881,0.49169128508124077,5417,Volatility,0.9265976753160645,False,0.01353874857502051
L_S_oiVolumeRatio_6_rat_N,-0.01304546450881901,0.3364024560560033,0.5069955817378498,5433,OpenInterest,0.9265976753160645,False,0.01304546450881901
V_yangZhang_12_pct_N,0.012950388322738298,0.3406934055858192,0.5067405355493998,5416,Volatility,0.9265976753160645,False,0.012950388322738298
F_I_M_fundingMaDiff_7_21_pct_N,-0.01282798515787809,0.3442985947997095,0.4712157439764576,5438,Funding,0.9265976753160645,False,0.01282798515787809
N_P_T_priceSmaDeviation_21_pct_N,-0.012789821522618287,0.34662513144158835,0.4884622484770168,5418,Other,0.9265976753160645,False,0.012789821522618287
B_consecutiveUp_bnd_N,-0.012786031089451677,0.3458790212852543,0.2460915946293912,5438,Other,0.9265976753160645,False,0.012786031089451677
N_P_T_priceSmaDeviation_12_pct_N,-0.012739900430788443,0.34811050137379607,0.48064872834500555,5427,Other,0.9265976753160645,False,0.012739900430788443
M_P_V_momAtr_6_rat_N,-0.012666724587302843,0.35066464526527696,0.4829681458294973,5432,Momentum,0.9265976753160645,False,0.012666724587302843
N_P_T_priceEmaDeviation_21_pct_N,-0.01260712653615676,0.35267018798307104,0.49071178958984735,5438,Other,0.9265976753160645,False,0.01260712653615676
V_atrPct_21_pct_N,0.012591941605195292,0.3532947562606068,0.5073583517292126,5437,Volatility,0.9265976753160645,False,0.012591941605195292
N_P_V_pctB_3_bnd_N,-0.012577587945447156,0.35388810661450365,0.5072677092916283,5436,Volatility,0.9265976753160645,False,0.012577587945447156
C_N_lowerShadow_bnd_N,-0.012030929992352926,0.3751106855350679,0.5048740114033474,5438,Candlestick,0.9265976753160645,False,0.012030929992352926
M_winRate_6_bnd_N,-0.01198112051495719,0.3773107068790563,0.5022091310751104,5433,Other,0.9265976753160645,False,0.01198112051495719
M_N_rsi_6_bnd_N,-0.011949435577766678,0.38237647574427613,0.5024317246539469,5347,Oscillator,0.9265976753160645,False,0.011949435577766678
D_N_closeVsMarkVol_6_pct_N,-0.011746516397632432,0.38672405018701406,0.5057069219440353,5433,Other,0.9265976753160645,False,0.011746516397632432
M_T_ppo_8_21_pct_N,-0.01156335205621306,0.39395441542673093,0.491263564465698,5438,Trend,0.9265976753160645,False,0.01156335205621306
M_P_L_vwapReturn_pct_N,0.011524725783361953,0.39557976514212,0.4863870493009566,5437,Momentum,0.9265976753160645,False,0.011524725783361953
N_P_V_pctB_12_bnd_N,-0.011523067721151322,0.3960828854041327,0.5040545521562846,5427,Volatility,0.9265976753160645,False,0.011523067721151322
N_P_zScore_12_zsc_N,-0.011523067721151322,0.3960828854041327,0.48064872834500555,5427,Other,0.9265976753160645,False,0.011523067721151322
N_M_cci_6_zsc_N,-0.011427730839483253,0.3999594647550635,0.48313985627418465,5428,Other,0.9265976753160645,False,0.011427730839483253
M_T_V_adx_6_bnd_N,0.011393731557031422,0.4009727707757407,0.5073583517292126,5437,Volatility,0.9265976753160645,False,0.011393731557031422
M_P_roc_12_pct_N,-0.01121550732989268,0.4088555376146299,0.487926267281106,5426,Momentum,0.9265976753160645,False,0.01121550732989268
V_maxDrawdown_21_pct_N,-0.010926003592531595,0.4213997203241737,0.4927081410374746,5418,Volatility,0.9265976753160645,False,0.010926003592531595
V_kurtosis_12_rat_N,-0.010723657169980262,0.42971037242175925,0.5017511520737327,5426,Volatility,0.9265976753160645,False,0.010723657169980262
M_V_sortino_21_rat_N,-0.010716677502056338,0.4303936768251777,0.49169128508124077,5417,Volatility,0.9265976753160645,False,0.010716677502056338
M_P_roc_21_pct_N,-0.01066484543829384,0.43262700915248564,0.49169128508124077,5417,Momentum,0.9265976753160645,False,0.01066484543829384
D_N_V_markCloseRange_rat_N,0.01059246323891365,0.43486816250519533,0.3956225859849182,5438,Volatility,0.9265976753160645,False,0.01059246323891365
L_S_oiVolumeRatio_12_rat_N,-0.010344713192542942,0.4461490894893586,0.5071876151861408,5427,OpenInterest,0.9265976753160645,False,0.010344713192542942
M_N_rocAccel_6_dif_N,-0.010270465796633304,0.4494617542260183,0.49548387096774194,5426,Momentum,0.9265976753160645,False,0.010270465796633304
M_V_sharpe_21_rat_N,-0.010206256144949235,0.45267668670225036,0.49169128508124077,5417,Volatility,0.9265976753160645,False,0.010206256144949235
N_V_bollingerBandwidth_21_pct_N,0.010188586181658098,0.45341787051098437,0.5067380468894221,5418,Volatility,0.9265976753160645,False,0.010188586181658098
L_N_volumeRatio_21_rat_N,0.009881001738047459,0.46716817316685333,0.5067380468894221,5418,Volume,0.9265976753160645,False,0.009881001738047459
M_N_rsi_21_bnd_N,-0.00977986893386231,0.47173922255742884,0.5067380468894221,5418,Oscillator,0.9265976753160645,False,0.00977986893386231
N_P_T_priceSmaDeviation_3_pct_N,-0.009595841113266316,0.47939093633730245,0.47690892364305426,5436,Other,0.9265976753160645,False,0.009595841113266316
D_N_closeVsMarkVol_12_pct_N,-0.0095361874831499,0.4824902686814121,0.5071876151861408,5427,Other,0.9265976753160645,False,0.0095361874831499
V_skew_21_rat_N,0.009287121288526356,0.49439926979500115,0.4985228951255539,5417,Volatility,0.9265976753160645,False,0.009287121288526356
C_N_upperShadow_bnd_N,0.008869553102706824,0.5131968579628527,0.5041383115688799,5438,Candlestick,0.9265976753160645,False,0.008869553102706824
L_M_N_S_oiPctChange_pct_N,0.008766368952094403,0.5181489029525481,0.5132450331125827,5437,OpenInterest,0.9265976753160645,False,0.008766368952094403
M_N_rsi_12_bnd_N,-0.008713053836021232,0.5210810157536754,0.5071876151861408,5427,Oscillator,0.9265976753160645,False,0.008713053836021232
V_returnStd_3_pct_N,0.00867967551707225,0.5223722415349594,0.507177033492823,5435,Volatility,0.9265976753160645,False,0.00867967551707225
M_P_V_momAtr_21_rat_N,-0.008531519963810423,0.5301803543940129,0.49169128508124077,5417,Momentum,0.9265976753160645,False,0.008531519963810423
N_V_bollingerBandwidth_42_pct_N,0.008507645179682203,0.5320914240354545,0.5068569310600445,5397,Volatility,0.9265976753160645,False,0.008507645179682203
F_TM_fundingCyclePosition_bin,0.00849319826174791,0.5312349911747916,0.34265219790325546,5438,Other,0.9265976753160645,False,0.00849319826174791
F_I_T_fundingMa_21_pct_N,0.008461017568496395,0.5327921500333236,0.510391760161854,5438,Funding,0.9265976753160645,False,0.008461017568496395
L_N_volumeRatio_12_rat_N,0.008178035896099018,0.5469899352266487,0.5071876151861408,5427,Volume,0.9265976753160645,False,0.008178035896099018
V_kurtosis_21_rat_N,-0.00811356946663908,0.55052220535106,0.5059084194977843,5417,Volatility,0.9265976753160645,False,0.00811356946663908
L_M_N_volumeRoc_12_pct_N,0.008044980154297061,0.553567482951999,0.4967741935483871,5426,Volume,0.9265976753160645,False,0.008044980154297061
M_T_V_diDiff_12_bnd_N,-0.007962971528145377,0.5572184276194339,0.48381162619573215,5437,Volatility,0.9265976753160645,False,0.007962971528145377
V_parkinson_21_pct_N,0.007745254996954453,0.5687252689702815,0.5067380468894221,5418,Volatility,0.9265976753160645,False,0.007745254996954453
V_returnStd_6_pct_N,0.007720454330859704,0.5694655048570183,0.5069048057447983,5432,Volatility,0.9265976753160645,False,0.007720454330859704
L_M_S_cmf_6_bnd_N,-0.007623659907801996,0.5742804896791693,0.4889543446244477,5433,Volume,0.9265976753160645,False,0.007623659907801996
V_autocorr_12_bnd_N,0.00756558198448026,0.57744580434377,0.5013824884792627,5426,Volatility,0.9265976753160645,False,0.00756558198448026
M_P_logReturn_pct_N,-0.007551014000083261,0.5777936585619523,0.4768211920529801,5437,Momentum,0.9265976753160645,False,0.007551014000083261
L_N_S_oiRatio_6_rat_N,-0.007106150996172082,0.6005398421327646,0.5069955817378498,5433,OpenInterest,0.9265976753160645,False,0.007106150996172082
N_M_cci_21_zsc_N,-0.007051871725415387,0.6044951810286951,0.48656661108022975,5398,Other,0.9265976753160645,False,0.007051871725415387
M_T_ppo_12_26_pct_N,-0.007030254160799635,0.6042698016458523,0.4999080375206916,5438,Trend,0.9265976753160645,False,0.007030254160799635
V_garmanKlass_21_pct_N,0.00682506162237651,0.6155153698331486,0.5067380468894221,5418,Volatility,0.9265976753160645,False,0.00682506162237651
M_P_V_momAtr_12_rat_N,-0.006818930622772042,0.6155720673363898,0.487926267281106,5426,Momentum,0.9265976753160645,False,0.006818930622772042
D_F_T_premiumMa_7_pct_N,-0.0068054639985398796,0.6158798112243855,0.503954386610263,5438,Premium,0.9265976753160645,False,0.0068054639985398796
V_yangZhang_21_pct_N,0.006787755816440005,0.6180979799667486,0.5067630164906429,5398,Volatility,0.9265976753160645,False,0.006787755816440005
L_M_S_obv_21_zsc_N,-0.006689437273995339,0.6225844481294022,0.491506646971935,5417,Volatility,0.9265976753160645,False,0.006689437273995339
L_M_N_volumeRoc_6_pct_N,0.006525054220266297,0.6306868122009326,0.5041428834468791,5432,Volume,0.9265976753160645,False,0.006525054220266297
V_rogersSatchell_21_pct_N,0.00649579266580833,0.6326595902783221,0.5067380468894221,5418,Volatility,0.9265976753160645,False,0.00649579266580833
F_I_fundingCumulative_21_pct_N,0.006465052992049083,0.6336451179995968,0.510391760161854,5438,Funding,0.9265976753160645,False,0.006465052992049083
V_autocorr_21_bnd_N,-0.006337911244763961,0.640982204907138,0.4963072378138848,5417,Volatility,0.9265976753160645,False,0.006337911244763961
L_M_N_volumeRoc_3_pct_N,0.006309625448278233,0.6419200762731773,0.49907986750092015,5435,Volume,0.9265976753160645,False,0.006309625448278233
F_I_M_fundingMaDiff_3_21_pct_N,-0.005948223853702011,0.6610228854676994,0.4758138679418797,5438,Funding,0.9459465429968801,False,0.005948223853702011
L_S_oiVolumeRatio_21_rat_N,-0.00576474601120705,0.6714254442757882,0.5067380468894221,5418,OpenInterest,0.9463925280205907,False,0.00576474601120705
L_M_N_S_oiRoc_12_pct_N,-0.005707579862356453,0.6742691902770618,0.495668202764977,5426,OpenInterest,0.9463925280205907,False,0.005707579862356453
B_TM_dayOfWeek_bin,0.005623949203447986,0.6784380170750017,0.4346146772116976,5438,Other,0.9463925280205907,False,0.005623949203447986
D_markIndexSpread_pct_N,-0.0054633758612216395,0.6871263007827917,0.4640426705903991,5438,Other,0.9505247160828618,False,0.0054633758612216395
V_returnStd_21_pct_N,0.005364572463578143,0.6930574700515266,0.5068316100443131,5417,Volatility,0.950806115938458,False,0.005364572463578143
N_P_zScore_42_zsc_N,-0.005217828520506794,0.7015697768871288,0.4933283914010378,5397,Other,0.9545949423218311,False,0.005217828520506794
V_volMomentum_21_pct_N,0.004891121950742957,0.7191902597932638,0.5038845726970034,5407,Volatility,0.9706144969567625,False,0.004891121950742957
L_M_S_mfi_12_bnd_N,0.004766297769211355,0.725651281219143,0.5072837912594504,5424,Volume,0.9714363925998205,False,0.004766297769211355
M_N_V_rangeExpansion_6_rat_N,-0.004611327939231756,0.7340160676699461,0.5069955817378498,5433,Volatility,0.972120030143685,False,0.004611327939231756
F_I_M_fundingMaDiff_3_7_pct_N,-0.004490633130154044,0.7406090381397792,0.43332720250137946,5438,Funding,0.972120030143685,False,0.004490633130154044
V_returnStd_12_pct_N,0.004359020566780414,0.7482183837622449,0.5072811059907835,5426,Volatility,0.972120030143685,False,0.004359020566780414
D_N_premiumRange_rat_N,-0.004330121332002398,0.7495865292674198,0.506990434142752,5437,Other,0.972120030143685,False,0.004330121332002398
V_skew_12_rat_N,0.004048356637725183,0.7656172288639719,0.4952995391705069,5426,Volatility,0.979980700556031,False,0.004048356637725183
M_winRate_12_bnd_N,-0.003989661234503484,0.7688974068195253,0.5071876151861408,5427,Other,0.979980700556031,False,0.003989661234503484
L_N_S_oiRatio_12_rat_N,-0.00391046406764788,0.7733582636918077,0.5071876151861408,5427,OpenInterest,0.979980700556031,False,0.00391046406764788
M_V_sortino_42_rat_N,0.0037421400502394776,0.783469943357563,0.4995366079703429,5396,Volatility,0.9815837144874164,False,0.0037421400502394776
L_M_S_mfi_21_bnd_N,-0.003680205416011241,0.786542917191039,0.5067380468894221,5418,Volume,0.9815837144874164,False,0.003680205416011241
V_D_F_S_premiumRange_pct_N,0.0034715646180488776,0.7980116407288573,0.50708111090675,5438,Volatility,0.9815837144874164,False,0.0034715646180488776
M_V_sharpe_42_rat_N,0.0032525527567256467,0.8112238891071322,0.4995366079703429,5396,Volatility,0.9815837144874164,False,0.0032525527567256467
V_volMomentum_6_pct_N,0.0032204967383490934,0.812489268323782,0.4985261606484893,5429,Volatility,0.9815837144874164,False,0.0032204967383490934
N_V_atrPercentile_21_rnk_N,0.0031353082610420155,0.8175591026357564,0.5068316100443131,5417,Volatility,0.9815837144874164,False,0.0031353082610420155
D_F_T_premiumMa_21_pct_N,-0.002864793133859605,0.8327387838835087,0.5080007356998345,5438,Premium,0.9815837144874164,False,0.002864793133859605
D_N_V_markAtrRatio_6_rat_N,0.002767812394897816,0.838336190344515,0.5073583517292126,5437,Volatility,0.9815837144874164,False,0.002767812394897816
L_M_S_obv_42_zsc_N,0.0023267460349412667,0.8643325359113827,0.4989805375347544,5396,Volatility,0.9815837144874164,False,0.0023267460349412667
D_N_V_markAtrRatio_12_rat_N,0.0022673883398296136,0.8672641609826957,0.5073583517292126,5437,Volatility,0.9815837144874164,False,0.0022673883398296136
C_N_bodySize_bnd_N,0.002175417949134013,0.8725896523705698,0.507265035865367,5438,Candlestick,0.9815837144874164,False,0.002175417949134013
M_V_calmar_42_rat_N,0.0021399910592439573,0.8751285866042353,0.4995366079703429,5396,Volatility,0.9815837144874164,False,0.0021399910592439573
V_volOfVol_21_pct_N,0.0021316899329092923,0.875426120633197,0.5069303271114397,5412,Volatility,0.9815837144874164,False,0.0021316899329092923
V_kurtosis_42_rat_N,-0.001941338972059743,0.886637904422444,0.5097312326227988,5396,Volatility,0.9815837144874164,False,0.001941338972059743
M_winRate_21_bnd_N,-0.0019058795376335432,0.8884695731089394,0.5067380468894221,5418,Other,0.9815837144874164,False,0.0019058795376335432
F_I_N_S_fundingZscore_42_zsc_N,-0.0018731300763359594,0.8901728355555024,0.4910796395070811,5438,Funding,0.9815837144874164,False,0.0018731300763359594
D_N_V_markAtrRatio_21_rat_N,0.0018045315003784815,0.8941805392864103,0.5073583517292126,5437,Volatility,0.9815837144874164,False,0.0018045315003784815
F_I_N_S_fundingZscore_21_zsc_N,0.001767375985996202,0.8963374656173277,0.4805959168659187,5438,Funding,0.9815837144874164,False,0.001767375985996202
N_V_atrPercentile_42_rnk_N,-0.0015982033349303574,0.9065732199658694,0.5069508804448564,5396,Volatility,0.9815837144874164,False,0.0015982033349303574
L_M_N_S_oiRoc_3_pct_N,-0.0015477579198279825,0.9091840219686945,0.49852778800147224,5435,OpenInterest,0.9815837144874164,False,0.0015477579198279825
V_maxDrawdown_42_pct_N,0.0014390357219571917,0.9158334809245525,0.49258710155670865,5397,Volatility,0.9815837144874164,False,0.0014390357219571917
V_volMomentum_12_pct_N,0.001311831107778036,0.9230863765866075,0.4969551577781879,5420,Volatility,0.9815837144874164,False,0.001311831107778036
V_volOfVol_12_pct_N,-0.0012977156692011848,0.9239044467196718,0.5070110701107011,5421,Volatility,0.9815837144874164,False,0.0012977156692011848
L_M_S_mfi_6_bnd_N,0.0012798089631179137,0.9259595661427157,0.4968720379146919,5276,Volume,0.9815837144874164,False,0.0012798089631179137
L_V_amihudIlliquidity_12_rat_N,0.001242836860494238,0.9270797395881244,0.5072811059907835,5426,Volatility,0.9815837144874164,False,0.001242836860494238
L_V_amihudIlliquidity_21_rat_N,0.001056103733297173,0.9380631713575678,0.5068316100443131,5417,Volatility,0.9815837144874164,False,0.001056103733297173
L_V_amihudIlliquidity_63_rat_N,-0.001023953524646392,0.9401780297114457,0.5070710829921846,5375,Volatility,0.9815837144874164,False,0.001023953524646392
L_N_S_oiRatio_21_rat_N,-0.0010196471843423494,0.9401916301415616,0.5067380468894221,5418,OpenInterest,0.9815837144874164,False,0.0010196471843423494
F_I_T_fundingMa_7_pct_N,0.0007356850547607883,0.9567487172296685,0.5083685856170682,5438,Funding,0.9877477341152963,False,0.0007356850547607883
F_I_T_fundingMa_3_pct_N,0.0005517369400803542,0.9675561621401271,0.5045061614861137,5438,Funding,0.9877477341152963,False,0.0005517369400803542
M_N_V_rangeExpansion_12_rat_N,0.0005359983747826936,0.9685130482651363,0.5071876151861408,5427,Volatility,0.9877477341152963,False,0.0005359983747826936
F_I_fundingCumulative_3_pct_N,0.0005119114196849272,0.969896871450562,0.5045061614861137,5438,Funding,0.9877477341152963,False,0.0005119114196849272
L_N_volumeRatio_6_rat_N,-0.0003982974888304894,0.9765865601306327,0.5069955817378498,5433,Volume,0.9884961523273478,False,0.0003982974888304894
M_N_V_rangeExpansion_21_rat_N,-0.0002087905907194909,0.9877421843789054,0.5067380468894221,5418,Volatility,0.9937285006478684,False,0.0002087905907194909
F_I_fundingCumulative_7_pct_N,1.7950637012200475e-05,0.9989441563868962,0.5083685856170682,5438,Funding,0.9989441563868963,False,1.7950637012200475e-05
