feature,domain,best_horizon_bars,best_ic,ic_trend,ic_1bar,ic_12bar
V_hurstExponent_63_rat_N,Volatility,12,0.12479161202808385,increasing,0.02588512960889997,0.12479161202808385
V_volMomentum_6_pct_N,Volatility,12,-0.10456410851503356,increasing,0.0032204967383490934,-0.10456410851503356
V_hurstExponent_126_rat_N,Volatility,12,0.09278231174393703,increasing,0.023210235205941114,0.09278231174393703
M_T_V_adx_12_bnd_N,Volatility,6,0.0919116449504809,increasing,0.03034710346460704,0.0545236493479947
S_M_longShortChange_3_pct_N,Sentiment,12,-0.0879756484130502,increasing,-0.02375985670249538,-0.0879756484130502
S_longShortRatio_rat_N,Sentiment,12,-0.08752095214096774,increasing,-0.020820966375736116,-0.08752095214096774
M_T_V_adx_6_bnd_N,Volatility,6,0.08592991264417242,decreasing,0.011393731557031422,0.0019301108335576006
C_N_lowerShadow_bnd_N,Candlestick,12,-0.08338262645294763,increasing,-0.012030929992352926,-0.08338262645294763
F_I_M_fundingMaDiff_7_21_pct_N,Funding,12,-0.0829435840480029,increasing,-0.01282798515787809,-0.0829435840480029
S_N_longShortZscore_21_zsc_N,Sentiment,12,-0.07793479197776228,increasing,-0.024020102677756918,-0.07793479197776228
C_N_bodySize_bnd_N,Candlestick,12,0.07547038043260774,increasing,0.002175417949134013,0.07547038043260774
L_M_S_mfi_6_bnd_N,Volume,12,0.07135866704219826,increasing,0.0012798089631179137,0.07135866704219826
S_N_longShortZscore_63_zsc_N,Sentiment,12,-0.06597524528559012,increasing,-0.0250069460454345,-0.06597524528559012
D_N_markCloseDeviation_pct_N,Other,12,0.06174017166102375,increasing,-0.020411401280574563,0.06174017166102375
L_M_N_volumeRoc_3_pct_N,Volume,12,0.06158434901414648,increasing,0.006309625448278233,0.06158434901414648
M_P_roc_3_pct_N,Momentum,3,-0.05920784082233306,decreasing,-0.04259408348285697,-0.012152434183844322
V_volOfVol_12_pct_N,Volatility,12,-0.0591312651662317,increasing,-0.0012977156692011848,-0.0591312651662317
M_N_rsi_6_bnd_N,Oscillator,12,0.05862991125448117,increasing,-0.011949435577766678,0.05862991125448117
N_V_bollingerBandwidth_42_pct_N,Volatility,12,0.05852662000212111,increasing,0.008507645179682203,0.05852662000212111
M_N_rocAccel_3_dif_N,Momentum,3,-0.05802895793128467,increasing,-0.03214058215525331,-0.05472909641106981
S_M_longShortChange_12_pct_N,Sentiment,12,-0.057013515099447944,increasing,-0.020340212806704054,-0.057013515099447944
L_N_volumeRatio_6_rat_N,Volume,12,0.05625195164963856,increasing,-0.0003982974888304894,0.05625195164963856
V_kurtosis_21_rat_N,Volatility,12,-0.05611878952626276,increasing,-0.00811356946663908,-0.05611878952626276
M_winRate_6_bnd_N,Other,12,0.05554327118830254,increasing,-0.01198112051495719,0.05554327118830254
L_M_S_obv_21_zsc_N,Volatility,12,0.054663056204174255,increasing,-0.006689437273995339,0.054663056204174255
D_N_closeVsMarkVol_21_pct_N,Other,6,-0.05396613442819115,increasing,-0.015342111949461739,-0.03904518964739123
L_N_volumeRatio_21_rat_N,Volume,12,0.0530256591383291,increasing,0.009881001738047459,0.0530256591383291
V_skew_42_rat_N,Volatility,12,0.052983167947017414,increasing,0.02550158261955212,0.052983167947017414
V_kurtosis_12_rat_N,Volatility,12,-0.052229555450760086,increasing,-0.010723657169980262,-0.052229555450760086
L_N_volumeRatio_12_rat_N,Volume,6,0.05166302192223221,increasing,0.008178035896099018,0.03900349467923294
L_M_S_cmf_6_bnd_N,Volume,12,-0.051379698529500625,increasing,-0.007623659907801996,-0.051379698529500625
B_TM_dayOfWeek_bin,Other,12,0.05114204947166643,increasing,0.005623949203447986,0.05114204947166643
M_winRate_12_bnd_N,Other,12,0.050395136894678255,increasing,-0.003989661234503484,0.050395136894678255
L_M_S_cmf_21_bnd_N,Volume,12,-0.049985283440927716,increasing,-0.02444485512839796,-0.049985283440927716
D_N_closeVsMarkVol_12_pct_N,Other,12,-0.04970662393298449,increasing,-0.0095361874831499,-0.04970662393298449
L_N_volOiRatio_rat_N,OpenInterest,12,0.049236168322575505,increasing,0.014867682090871406,0.049236168322575505
L_M_S_cmf_12_bnd_N,Volume,12,-0.04771920623363554,increasing,-0.02505720464722162,-0.04771920623363554
V_autocorr_12_bnd_N,Volatility,12,0.047105204100156804,increasing,0.00756558198448026,0.047105204100156804
V_atrPct_3_pct_N,Volatility,3,0.046669149404095535,stable,0.018043317199036887,0.0233522229411209
L_M_N_S_oiRoc_6_pct_N,OpenInterest,6,-0.04648368428602097,increasing,-0.022740374590841356,-0.0354590455379068
L_M_S_obv_42_zsc_N,Volatility,12,0.04626365468236291,increasing,0.0023267460349412667,0.04626365468236291
F_I_N_S_fundingZscore_21_zsc_N,Funding,6,-0.0461999897251329,increasing,0.001767375985996202,-0.041381412455411666
V_atrPct_6_pct_N,Volatility,6,0.04607923577331068,stable,0.01787981641920793,0.02262373702360094
M_N_V_rangeExpansion_21_rat_N,Volatility,12,0.045692757490728556,increasing,-0.0002087905907194909,0.045692757490728556
V_rogersSatchell_12_pct_N,Volatility,12,0.04560651910430278,increasing,0.01575601445242264,0.04560651910430278
V_D_F_S_premiumRange_pct_N,Volatility,3,0.04533780677566662,increasing,0.0034715646180488776,0.025032331112155096
M_N_V_rangeExpansion_6_rat_N,Volatility,12,0.045077372715408515,increasing,-0.004611327939231756,0.045077372715408515
D_F_N_S_premiumZscore_21_zsc_N,Premium,1,-0.0449762173562014,decreasing,-0.0449762173562014,0.027263954804440556
M_P_V_momAtr_3_rat_N,Momentum,3,-0.044011772482793254,decreasing,-0.0385208200550887,-0.01160509513914328
F_I_N_S_fundingZscore_42_zsc_N,Funding,6,-0.04373253603965591,increasing,-0.0018731300763359594,-0.04047002710500985
L_N_S_oiRatio_6_rat_N,OpenInterest,12,-0.04346147503714226,increasing,-0.007106150996172082,-0.04346147503714226
V_garmanKlass_12_pct_N,Volatility,12,0.043444971699374675,increasing,0.015093018940282374,0.043444971699374675
M_P_V_momAtr_6_rat_N,Momentum,12,0.043208337226345095,increasing,-0.012666724587302843,0.043208337226345095
L_S_oiVolumeRatio_12_rat_N,OpenInterest,12,-0.042529491269669345,increasing,-0.010344713192542942,-0.042529491269669345
V_atrPct_12_pct_N,Volatility,3,0.04242034492944654,increasing,0.015659130603270812,0.02449420193562061
D_markIndexSpread_pct_N,Other,12,0.042326857696504086,increasing,-0.0054633758612216395,0.042326857696504086
M_N_V_rangeExpansion_12_rat_N,Volatility,6,0.042292068047430034,increasing,0.0005359983747826936,0.030007356330323007
D_F_N_S_premiumZscore_42_zsc_N,Premium,12,0.04170578329240034,stable,-0.038637306218454265,0.04170578329240034
D_F_basis_pct_N,Premium,12,0.04144087949787533,increasing,-0.022840866535613246,0.04144087949787533
V_parkinson_12_pct_N,Volatility,12,0.040759475807211384,increasing,0.0139417035293682,0.040759475807211384
V_returnStd_6_pct_N,Volatility,12,-0.04045552850769672,increasing,0.007720454330859704,-0.04045552850769672
M_P_D_markReturnDiff_pct_N,Momentum,12,-0.04034697863685956,increasing,-0.021581877527688847,-0.04034697863685956
M_D_F_S_premiumChange_pct_N,Premium,12,-0.04023654760090611,increasing,-0.022401264735933346,-0.04023654760090611
V_skew_12_rat_N,Volatility,12,-0.03948754927123469,increasing,0.004048356637725183,-0.03948754927123469
V_yangZhang_12_pct_N,Volatility,3,0.03897888562660842,increasing,0.012950388322738298,0.03838614942867046
B_consecutiveUp_bnd_N,Other,12,-0.03852394597615967,increasing,-0.012786031089451677,-0.03852394597615967
D_N_premiumRange_rat_N,Other,3,0.03847732407592564,increasing,-0.004330121332002398,0.03685637145140878
L_S_oiVolumeRatio_6_rat_N,OpenInterest,3,-0.03749604474594101,increasing,-0.01304546450881901,-0.02631229798842505
L_M_N_S_oiPctChange_pct_N,OpenInterest,3,0.03738601528946293,increasing,0.008766368952094403,-0.01615403877608648
V_atrPct_21_pct_N,Volatility,3,0.03737751164775665,increasing,0.012591941605195292,0.019746958350383533
L_N_S_oiRatio_21_rat_N,OpenInterest,12,-0.03727056884406332,increasing,-0.0010196471843423494,-0.03727056884406332
N_P_T_priceSmaDeviation_6_pct_N,Other,3,-0.037190302462527025,stable,-0.027100137777906725,0.021176901096796232
M_N_stochasticK_6_bnd_N,Oscillator,3,-0.03646434743110515,decreasing,-0.023765749773622606,-0.004580520889522109
N_P_T_priceEmaDeviation_3_pct_N,Other,3,-0.036411693651926924,decreasing,-0.02317682140025545,0.015080289396563811
V_volOfVol_6_pct_N,Volatility,6,0.036333865195839164,decreasing,0.013620378090434484,-0.0033192500519465297
N_P_V_pctB_3_bnd_N,Volatility,3,-0.03605723086231593,stable,-0.012577587945447156,-0.012110721023030213
L_M_N_volumeRoc_12_pct_N,Volume,3,0.036034582309463076,decreasing,0.008044980154297061,-0.002990872614634198
L_M_N_S_oiRoc_12_pct_N,OpenInterest,12,-0.03596649068737442,increasing,-0.005707579862356453,-0.03596649068737442
L_N_S_oiRatio_12_rat_N,OpenInterest,12,-0.03595453551355853,increasing,-0.00391046406764788,-0.03595453551355853
L_S_oiVolumeRatio_21_rat_N,OpenInterest,12,-0.03508427682828718,increasing,-0.00576474601120705,-0.03508427682828718
N_P_T_priceSmaDeviation_3_pct_N,Other,3,-0.03490657843459896,stable,-0.009595841113266316,0.014186373103042034
N_P_V_pctB_6_bnd_N,Volatility,3,-0.033879245538959366,stable,-0.015914608335270704,0.01422561726056808
B_C_candleDirection_bin,Candlestick,12,-0.03305285837998384,increasing,-0.01494359657476911,-0.03305285837998384
F_I_M_fundingMaDiff_3_21_pct_N,Funding,12,-0.033044775316281264,increasing,-0.005948223853702011,-0.033044775316281264
N_M_cci_12_zsc_N,Other,3,-0.032750071935794364,decreasing,-0.018730438455346644,0.010609527520277053
V_parkinson_21_pct_N,Volatility,3,0.03149817376857347,increasing,0.007745254996954453,0.020147296404581096
B_consecutiveDown_bnd_N,Other,3,0.031159191245464332,decreasing,0.01905704593510123,0.008980344763423898
M_V_calmar_21_rat_N,Volatility,12,-0.03115429227865046,increasing,-0.01353874857502051,-0.03115429227865046
V_rogersSatchell_21_pct_N,Volatility,3,0.031032299216724214,increasing,0.00649579266580833,0.02001975289262144
V_garmanKlass_21_pct_N,Volatility,3,0.030475225834590298,increasing,0.00682506162237651,0.02162824009575574
M_P_L_vwapReturn_pct_N,Momentum,3,-0.030325408649078428,decreasing,0.011524725783361953,0.001841876452894731
V_maxDrawdown_21_pct_N,Volatility,3,-0.030037478671833227,decreasing,-0.010926003592531595,-0.004719177664438983
M_P_S_W_oiWeightedReturn_pct_N,Momentum,1,0.029926588464130363,decreasing,0.029926588464130363,0.01876988278601811
N_P_T_priceEmaDeviation_6_pct_N,Other,3,-0.02986985927985089,stable,-0.02163349519162089,0.021380341987364267
N_V_bollingerBandwidth_21_pct_N,Volatility,3,0.029471810158533084,increasing,0.010188586181658098,-0.017986120649621615
V_yangZhang_21_pct_N,Volatility,3,0.028890166492568578,increasing,0.006787755816440005,0.02829316470463463
V_volMomentum_12_pct_N,Volatility,12,-0.028586621666699365,increasing,0.001311831107778036,-0.028586621666699365
M_P_logReturn_pct_N,Momentum,3,-0.028433432213843413,increasing,-0.007551014000083261,-0.01152751645688152
V_returnStd_3_pct_N,Volatility,3,0.02789732094071167,increasing,0.00867967551707225,-0.02375194157870409
M_N_T_stochasticD_6_bnd_N,Oscillator,3,-0.027838528636499375,decreasing,-0.02382808642483802,-0.004630550692990747
M_N_stochasticK_12_bnd_N,Oscillator,3,-0.027436943183938772,decreasing,-0.02069522749605679,-0.01041529544938004
N_P_T_priceEmaDeviation_21_pct_N,Other,3,-0.0273670072006424,decreasing,-0.01260712653615676,0.005980041313597886
M_T_V_diDiff_6_bnd_N,Volatility,12,0.027319391434871654,increasing,-0.01384017984272555,0.027319391434871654
N_M_cci_6_zsc_N,Other,3,-0.027196699708195198,decreasing,-0.011427730839483253,0.004486698764575729
N_P_T_priceEmaDeviation_12_pct_N,Other,3,-0.02684429249930625,stable,-0.014465210964521105,0.010162520289541144
N_P_L_vwapDeviation_pct_N,Other,6,-0.026779538861594548,stable,-0.02066705491595643,-0.016228922048660818
N_P_zScore_21_zsc_N,Other,3,-0.026582870450585234,decreasing,-0.01621872386176663,0.004277482356480844
N_P_V_pctB_21_bnd_N,Volatility,3,-0.026582870450585234,decreasing,-0.01621872386176663,0.004277482356480844
M_P_roc_6_pct_N,Momentum,12,0.025334052896186336,increasing,-0.015620325178359443,0.025334052896186336
N_P_T_priceSmaDeviation_21_pct_N,Other,3,-0.025109525626304034,decreasing,-0.012789821522618287,0.0031537913126516615
V_volMomentum_21_pct_N,Volatility,12,0.025004304548006003,increasing,0.004891121950742957,0.025004304548006003
M_N_T_stochasticD_12_bnd_N,Oscillator,3,-0.024647463807866296,stable,-0.02046692722329082,-0.01508087566796826
V_returnStd_21_pct_N,Volatility,3,0.024536329765077664,stable,0.005364572463578143,0.005115999188954076
V_skew_21_rat_N,Volatility,12,-0.02367135711762643,increasing,0.009287121288526356,-0.02367135711762643
M_N_rocAccel_6_dif_N,Momentum,12,0.023631480207754935,increasing,-0.010270465796633304,0.023631480207754935
D_F_T_premiumMa_3_pct_N,Premium,6,0.0235384200458547,decreasing,-0.014002983164381845,0.008946632342800109
N_P_T_priceSmaDeviation_12_pct_N,Other,3,-0.023515751474290733,stable,-0.012739900430788443,0.01239491629624037
F_I_fundingCumulative_3_pct_N,Funding,12,-0.022412515661444008,increasing,0.0005119114196849272,-0.022412515661444008
N_P_zScore_12_zsc_N,Other,3,-0.022359875427335606,stable,-0.011523067721151322,-0.011779224844722434
N_P_V_pctB_12_bnd_N,Volatility,3,-0.022359875427335606,stable,-0.011523067721151322,-0.011779224844722434
M_winRate_21_bnd_N,Other,12,0.02219831956969671,increasing,-0.0019058795376335432,0.02219831956969671
N_V_atrPercentile_21_rnk_N,Volatility,6,0.0218234956087124,decreasing,0.0031353082610420155,-0.0005483231354338259
M_V_sortino_21_rat_N,Volatility,12,-0.021464312187461927,increasing,-0.010716677502056338,-0.021464312187461927
F_I_T_fundingMa_3_pct_N,Funding,12,-0.02141562949520447,increasing,0.0005517369400803542,-0.02141562949520447
D_N_closeVsMarkVol_6_pct_N,Other,6,-0.02138056464781313,stable,-0.011746516397632432,0.012139179534613671
M_V_sharpe_42_rat_N,Volatility,12,0.02101256761056315,increasing,0.0032525527567256467,0.02101256761056315
M_P_V_momAtr_21_rat_N,Momentum,12,-0.020730333771559754,increasing,-0.008531519963810423,-0.020730333771559754
L_M_N_volumeRoc_6_pct_N,Volume,6,0.01986463554141089,stable,0.006525054220266297,0.004874072385718609
N_V_atrPercentile_42_rnk_N,Volatility,3,0.019575098449977343,increasing,-0.0015982033349303574,0.018287971360874827
L_M_S_mfi_12_bnd_N,Volume,6,0.019521703839919514,stable,0.004766297769211355,0.006607832484104492
M_N_rsi_21_bnd_N,Oscillator,12,-0.019156773868623637,increasing,-0.00977986893386231,-0.019156773868623637
M_T_V_diDiff_12_bnd_N,Volatility,12,0.01892880862924446,increasing,-0.007962971528145377,0.01892880862924446
M_P_V_momAtr_12_rat_N,Momentum,6,0.018862271218040943,decreasing,-0.006818930622772042,-0.004009141549647822
M_V_sortino_42_rat_N,Volatility,6,0.018693904296399663,increasing,0.0037421400502394776,0.01852180579787019
M_V_sharpe_21_rat_N,Volatility,12,-0.018380001177324724,increasing,-0.010206256144949235,-0.018380001177324724
C_N_upperShadow_bnd_N,Candlestick,3,-0.018328157131294168,increasing,0.008869553102706824,-0.017271508761890344
M_V_calmar_42_rat_N,Volatility,12,0.01830893995067707,increasing,0.0021399910592439573,0.01830893995067707
M_N_rsi_12_bnd_N,Oscillator,6,0.018125276442075365,stable,-0.008713053836021232,-0.011972716733981658
N_P_zScore_42_zsc_N,Other,3,-0.017887039128816208,decreasing,-0.005217828520506794,-0.002409720012726694
M_T_ppo_8_21_pct_N,Trend,3,-0.01775210963358451,stable,-0.01156335205621306,-0.009402316009006272
F_I_fundingCumulative_7_pct_N,Funding,12,-0.017401991979163638,increasing,1.7950637012200475e-05,-0.017401991979163638
D_N_V_markCloseRange_rat_N,Volatility,6,-0.017290069722115577,stable,0.01059246323891365,-0.012612008721310995
F_I_M_fundingMaDiff_3_7_pct_N,Funding,6,-0.017224352145836164,increasing,-0.004490633130154044,-0.012523921907135459
V_autocorr_21_bnd_N,Volatility,3,-0.01658944942601138,stable,-0.006337911244763961,-0.008362929968800892
D_F_T_premiumMa_21_pct_N,Premium,6,-0.016569712548807014,increasing,-0.002864793133859605,-0.011580561386786103
V_returnStd_12_pct_N,Volatility,3,0.015717101293310776,increasing,0.004359020566780414,0.009444327419464037
N_M_cci_21_zsc_N,Other,3,-0.01568099716877787,stable,-0.007051871725415387,0.0065873904037670105
D_N_V_markAtrRatio_6_rat_N,Volatility,12,-0.015249733834948168,increasing,0.002767812394897816,-0.015249733834948168
M_P_roc_12_pct_N,Momentum,6,0.014738206207473807,decreasing,-0.01121550732989268,0.0033683702226248286
F_I_T_fundingMa_7_pct_N,Funding,6,-0.01358279821989093,increasing,0.0007356850547607883,-0.012068148084991749
M_P_roc_21_pct_N,Momentum,3,-0.01354151322066752,stable,-0.01066484543829384,-0.012778551759773427
M_T_ppo_12_26_pct_N,Trend,3,-0.012810116586210018,stable,-0.007030254160799635,-0.007292616814443288
V_maxDrawdown_42_pct_N,Volatility,3,-0.012163347576144182,increasing,0.0014390357219571917,-0.00230393746081901
D_N_V_markAtrRatio_21_rat_N,Volatility,6,0.011558773255951378,increasing,0.0018045315003784815,-0.006466449558977536
L_V_amihudIlliquidity_12_rat_N,Volatility,12,0.011378206731724471,increasing,0.001242836860494238,0.011378206731724471
D_N_V_markAtrRatio_12_rat_N,Volatility,6,0.010767247668131395,increasing,0.0022673883398296136,-0.01053276802687523
V_volOfVol_21_pct_N,Volatility,12,-0.010083539507190983,increasing,0.0021316899329092923,-0.010083539507190983
D_F_T_premiumMa_7_pct_N,Premium,12,-0.009956623562176038,stable,-0.0068054639985398796,-0.009956623562176038
F_I_T_fundingMa_21_pct_N,Funding,12,0.009428410604110529,stable,0.008461017568496395,0.009428410604110529
L_V_amihudIlliquidity_21_rat_N,Volatility,3,0.0089180306513202,decreasing,0.001056103733297173,0.00014271791953639564
V_kurtosis_42_rat_N,Volatility,3,-0.008730684300548302,stable,-0.001941338972059743,-0.0021800758279636265
F_TM_fundingCyclePosition_bin,Other,1,0.00849319826174791,unknown,0.00849319826174791,
L_M_S_mfi_21_bnd_N,Volume,3,-0.007867661647340266,stable,-0.003680205416011241,0.003384808586621666
L_M_N_S_oiRoc_3_pct_N,OpenInterest,3,-0.007359011933807523,increasing,-0.0015477579198279825,-0.004237069537398447
F_I_fundingCumulative_21_pct_N,Funding,1,0.006465052992049083,decreasing,0.006465052992049083,0.0021516166158514435
L_V_amihudIlliquidity_63_rat_N,Volatility,3,0.005085374665292411,increasing,-0.001023953524646392,0.00238483978176096
