feature,importance_mean,importance_std,domain
V_hurstExponent_126_rat_N,0.015189816379407453,0.0033937677962477195,Volatility
M_P_V_momAtr_3_rat_N,0.009348879125830822,0.002162154059728434,Momentum
S_M_longShortChange_3_pct_N,0.006991100597048568,0.0024835055780624005,Sentiment
M_P_logReturn_pct_N,0.005861214374225487,0.0016218934777987159,Momentum
N_V_bollingerBandwidth_42_pct_N,0.004686267883293904,0.007447558775186916,Volatility
M_T_V_diDiff_6_bnd_N,0.004419285794750483,0.003828037521529167,Volatility
N_P_V_pctB_12_bnd_N,0.004290864030640977,0.0009366671222656806,Volatility
D_N_closeVsMarkVol_21_pct_N,0.0042863580038301485,0.0032151918278645014,Other
N_M_cci_12_zsc_N,0.003693815478202097,0.0021514903757747913,Other
B_consecutiveDown_bnd_N,0.0036419961698772227,0.0015623506798869947,Other
M_N_V_rangeExpansion_6_rat_N,0.003423453869550508,0.000992371206338096,Volatility
L_M_N_volumeRoc_3_pct_N,0.0033051706657654667,0.0004899022102161813,Volume
M_N_V_rangeExpansion_21_rat_N,0.003280387518305746,0.0020547858991504945,Volatility
F_I_N_S_fundingZscore_21_zsc_N,0.0030550861777627523,0.0009112053613857325,Funding
N_V_atrPercentile_42_rnk_N,0.003003266869437878,0.0023565254751469057,Volatility
M_P_S_W_oiWeightedReturn_pct_N,0.002791483609327461,0.0014236165778861282,Momentum
S_N_longShortZscore_21_zsc_N,0.002412977357215277,0.001143620150422798,Sentiment
N_M_cci_6_zsc_N,0.002347639968457845,0.001552953127640911,Other
M_N_T_stochasticD_6_bnd_N,0.00230032668694378,0.0005023285261256143,Oscillator
V_skew_42_rat_N,0.002291314633322069,0.002596476010485811,Volatility
F_I_fundingCumulative_3_pct_N,0.001973639743156471,0.0004565313480326327,Funding
D_N_closeVsMarkVol_12_pct_N,0.0019319589951559875,0.0013076438176690157,Other
V_skew_21_rat_N,0.0019105553678044156,0.002165597141607505,Volatility
D_F_N_S_premiumZscore_42_zsc_N,0.0018925312605609923,0.0009148829708990162,Premium
V_autocorr_21_bnd_N,0.0018283203785062392,0.00016695878275134726,Volatility
N_P_V_pctB_6_bnd_N,0.0015635913033682503,0.0025890584692338263,Volatility
M_D_F_S_premiumChange_pct_N,0.001438549059366893,0.0005163506632757673,Premium
M_V_sortino_21_rat_N,0.0014340430325560094,0.00031992393697355225,Volatility
M_V_calmar_42_rat_N,0.0011388982764447553,0.0018038555941299389,Volatility
N_P_zScore_42_zsc_N,0.0010994705418497415,0.000710312278240129,Other
M_N_rsi_6_bnd_N,0.0010228680860650912,0.0013366684417955813,Oscillator
F_I_N_S_fundingZscore_42_zsc_N,0.0009834403514700774,0.0004799473841644789,Funding
V_autocorr_12_bnd_N,0.0009473921369832125,0.0006616172482477296,Volatility
V_returnStd_3_pct_N,0.0009462656302804962,0.0012795965784996764,Volatility
M_T_ppo_12_26_pct_N,0.0009338740565506173,0.0007363804656992954,Trend
N_P_T_priceSmaDeviation_21_pct_N,0.0008798017348203105,0.0005633524752251579,Other
V_garmanKlass_21_pct_N,0.0008279824264954364,0.0006074869528522273,Volatility
D_markIndexSpread_pct_N,0.0008212233862791388,0.0007172283371503548,Other
M_winRate_12_bnd_N,0.000787428185197725,0.0006630121208863963,Other
L_N_volumeRatio_21_rat_N,0.0007795426382787111,0.0002640402909474349,Volume
F_I_fundingCumulative_7_pct_N,0.0007761631181705253,0.0001911811647391974,Funding
L_S_oiVolumeRatio_21_rat_N,0.000706319702602228,0.0003750810600331452,OpenInterest
V_volOfVol_21_pct_N,0.0006274642334121819,0.001114395866013273,Volatility
N_P_V_pctB_3_bnd_N,0.0006240847133040517,0.0022897628072955692,Volatility
M_T_V_diDiff_12_bnd_N,0.0006083136194660425,0.0015864894295943002,Volatility
V_D_F_S_premiumRange_pct_N,0.0005891630055198845,0.0012014160976125425,Volatility
D_N_closeVsMarkVol_6_pct_N,0.0005621268446547312,0.0010982567996252217,Other
N_P_T_priceEmaDeviation_6_pct_N,0.0005429762307085547,0.0006731289960088801,Other
M_V_sharpe_42_rat_N,0.0005215726033569826,0.0005710244586156094,Volatility
M_P_V_momAtr_21_rat_N,0.0005181930832487969,0.0003136749771861366,Momentum
F_I_M_fundingMaDiff_3_7_pct_N,0.0005091810296271223,0.0004561420248980864,Funding
V_atrPct_3_pct_N,0.0004979159625999966,0.0010292116893427315,Volatility
D_N_premiumRange_rat_N,0.0004494761743832343,0.000286083912606543,Other
F_I_M_fundingMaDiff_3_21_pct_N,0.0004472231609778203,0.0008757645977579234,Funding
M_N_T_stochasticD_12_bnd_N,0.0003300664638954398,0.00031703109035962626,Oscillator
L_M_N_S_oiPctChange_pct_N,0.0003097893432465841,0.0035120031211442965,OpenInterest
M_P_V_momAtr_6_rat_N,0.000305283316435719,0.00025761806892431643,Momentum
M_winRate_21_bnd_N,0.00028500619578686326,0.0005777584807776632,Other
V_hurstExponent_63_rat_N,0.00027824715557058416,0.0034171191465102377,Volatility
F_I_T_fundingMa_21_pct_N,0.00020051819308325447,0.0003621013818905391,Funding
M_P_L_vwapReturn_pct_N,0.00019037963275878958,0.001321279514722949,Momentum
V_yangZhang_12_pct_N,0.0001836205925425475,0.0013526254522382153,Volatility
D_F_N_S_premiumZscore_21_zsc_N,0.00017235552551538488,0.0018891547632770153,Premium
N_P_T_priceEmaDeviation_3_pct_N,0.00016446997859642654,0.000917232444528915,Other
V_atrPct_21_pct_N,0.00015658443167741268,0.00031602077069331285,Volatility
V_returnStd_6_pct_N,0.00013856032443393396,0.0003516108763882987,Volatility
L_S_oiVolumeRatio_6_rat_N,0.00013292779092035265,0.0003242265555808262,OpenInterest
N_P_T_priceSmaDeviation_3_pct_N,0.00011603019037959017,0.000508025797440331,Other
D_F_T_premiumMa_21_pct_N,0.00010476512335248304,0.0005466123482735873,Premium
N_V_bollingerBandwidth_21_pct_N,9.575306973073443e-05,0.0006110880950291226,Volatility
L_M_S_obv_42_zsc_N,9.462656302803667e-05,0.0003483474948414755,Volatility
D_F_T_premiumMa_3_pct_N,6.87169088656181e-05,0.0014332096355907204,Premium
L_N_volumeRatio_12_rat_N,4.2807254703162524e-05,0.0010896575364183244,Volume
L_M_S_mfi_6_bnd_N,2.703616086513483e-05,0.0021638853755241456,Volume
L_N_S_oiRatio_6_rat_N,1.802410724338621e-05,0.0015576626569809018,OpenInterest
F_I_T_fundingMa_7_pct_N,0.0,0.0,Funding
F_I_T_fundingMa_3_pct_N,0.0,0.0,Funding
N_P_zScore_12_zsc_N,0.0,0.0,Other
N_P_zScore_21_zsc_N,0.0,0.0,Other
N_V_atrPercentile_21_rnk_N,0.0,0.0,Volatility
M_N_rsi_21_bnd_N,0.0,0.0,Oscillator
M_winRate_6_bnd_N,0.0,0.0,Other
B_C_candleDirection_bin,0.0,0.0,Candlestick
B_consecutiveUp_bnd_N,-4.0554241297767e-05,0.001311935915973077,Other
M_V_calmar_21_rat_N,-4.8439788216725344e-05,0.0006319511836184078,Volatility
D_F_T_premiumMa_7_pct_N,-6.759040216290184e-05,0.0016975218825752655,Premium
V_returnStd_12_pct_N,-8.110848259546e-05,0.0011435868604578836,Volatility
L_M_N_S_oiRoc_6_pct_N,-0.00010025909654163649,0.0024055479099270747,OpenInterest
V_returnStd_21_pct_N,-0.00013180128421763637,0.0008485355188347197,Volatility
N_P_L_vwapDeviation_pct_N,-0.00016109045848825923,0.0018980237276876946,Other
N_P_T_priceEmaDeviation_21_pct_N,-0.00016672299200182206,8.443541602540262e-05,Other
L_M_S_cmf_21_bnd_N,-0.00018474709924522678,0.00024384642095118416,Volume
V_atrPct_6_pct_N,-0.00019037963275878958,0.0005938816838406539,Volatility
N_P_V_pctB_21_bnd_N,-0.00021290976681315188,0.0008502208124179167,Volatility
V_rogersSatchell_21_pct_N,-0.0002906387293004631,0.0008675871655124897,Volatility
F_I_fundingCumulative_21_pct_N,-0.0003548496113551976,0.0002484502807405661,Funding
D_N_markCloseDeviation_pct_N,-0.00036611467838230477,0.00017917477766754314,Other
S_M_longShortChange_12_pct_N,-0.00039540385265294614,0.0006646752309463009,Sentiment
D_N_V_markAtrRatio_12_rat_N,-0.00043483158724799686,0.001335437467767698,Volatility
S_N_longShortZscore_63_zsc_N,-0.0004584882280049644,0.0022411193310880387,Sentiment
V_kurtosis_42_rat_N,-0.0005373436971949919,0.0008852923687146962,Volatility
N_P_T_priceSmaDeviation_12_pct_N,-0.0005711388982764428,0.001274758688043155,Other
V_parkinson_12_pct_N,-0.0007265968232511022,0.000911130153569805,Volatility
L_M_N_S_oiRoc_3_pct_N,-0.0007558859975216881,9.678784059487509e-05,OpenInterest
F_TM_fundingCyclePosition_bin,-0.0007648980511433997,0.0006845250213210106,Other
D_F_basis_pct_N,-0.0007705305846569624,0.00012453886970389716,Premium
V_rogersSatchell_12_pct_N,-0.0007739101047651298,0.0005524042453846807,Volatility
V_atrPct_12_pct_N,-0.0007964402388193811,0.0001991018935588529,Volatility
M_T_ppo_8_21_pct_N,-0.0007986932522248691,0.0006650951287357737,Trend
M_V_sharpe_21_rat_N,-0.0008291089331981342,0.00041660344101149326,Volatility
C_N_upperShadow_bnd_N,-0.0008426270136307109,0.0009447570545089795,Candlestick
M_P_roc_21_pct_N,-0.0008640306409823384,0.00036868621422972685,Momentum
D_N_V_markAtrRatio_6_rat_N,-0.000870789681198599,0.00145051988131132,Volatility
L_M_N_S_oiRoc_12_pct_N,-0.000887687281739343,0.001769036657476322,OpenInterest
N_P_T_priceEmaDeviation_12_pct_N,-0.0009090909090909149,0.0004056644328467685,Other
L_V_amihudIlliquidity_21_rat_N,-0.0009710487777402169,0.0003789318055999653,Volatility
V_parkinson_21_pct_N,-0.0009845668581727751,0.0015172861863784026,Volatility
M_T_V_adx_6_bnd_N,-0.0010059704855244027,0.001199916317232025,Volatility
L_S_oiVolumeRatio_12_rat_N,-0.0010589163005519746,0.00045893777994224905,OpenInterest
L_M_S_mfi_21_bnd_N,-0.0011197476624986158,0.00030239099567039496,Volume
V_garmanKlass_12_pct_N,-0.0011220006759040113,8.36502341590275e-05,Volatility
M_V_sortino_42_rat_N,-0.001154669370282783,0.0008547372854602523,Volatility
L_V_amihudIlliquidity_63_rat_N,-0.0011693139574180944,0.0009576989958717106,Volatility
M_P_roc_3_pct_N,-0.0011963501182832108,0.0007628588277299942,Momentum
M_T_V_adx_12_bnd_N,-0.0011974766249859454,0.001411464798633046,Volatility
M_N_V_rangeExpansion_12_rat_N,-0.001240283879689071,0.001668855711666715,Volatility
B_TM_dayOfWeek_bin,-0.0013270248957981494,0.0011159525875504496,Other
V_volMomentum_21_pct_N,-0.0013484285231497029,0.0007849852427411503,Volatility
L_N_S_oiRatio_12_rat_N,-0.0014261574856370325,0.00027742271774192236,OpenInterest
N_M_cci_21_zsc_N,-0.0014351695392587442,0.000917066406064556,Other
V_maxDrawdown_42_pct_N,-0.0015050129548270415,0.0004931886999425427,Volatility
D_N_V_markAtrRatio_21_rat_N,-0.001562464796665534,0.0007615868516019568,Volatility
L_M_N_volumeRoc_6_pct_N,-0.0015635913033682318,0.0023169583903600703,Volume
N_P_T_priceSmaDeviation_6_pct_N,-0.001636814239044715,0.00154066667678148,Other
M_P_V_momAtr_12_rat_N,-0.0017213022417482866,0.0010179682042001901,Momentum
L_V_amihudIlliquidity_12_rat_N,-0.0017438323758026304,0.00046879194410400963,Volatility
V_volMomentum_12_pct_N,-0.0018598625661822392,0.0004170783625126503,Volatility
L_M_N_volumeRoc_12_pct_N,-0.0018632420862904064,0.0003395964647165308,Volume
M_P_roc_12_pct_N,-0.0018835192069392992,0.0007403660532051163,Momentum
V_volOfVol_12_pct_N,-0.0018846457136420154,0.0013917888875921802,Volatility
D_N_V_markCloseRange_rat_N,-0.0021741579362397254,0.0005016383803954035,Volatility
M_N_rocAccel_6_dif_N,-0.002184296496564153,0.0006459295524382585,Momentum
L_N_volOiRatio_rat_N,-0.0022090796440238925,0.0007537483201474764,OpenInterest
V_yangZhang_21_pct_N,-0.002222597724456432,0.0004356771044389275,Volatility
F_I_M_fundingMaDiff_7_21_pct_N,-0.002272164019375874,0.0006378873423601184,Funding
M_P_roc_6_pct_N,-0.00233186887461978,8.881560592286514e-05,Momentum
M_P_D_markReturnDiff_pct_N,-0.002488453306297156,0.0012742309658570902,Momentum
V_skew_12_rat_N,-0.002518868987270495,0.000838785422967251,Volatility
M_N_rsi_12_bnd_N,-0.002628140137433843,0.0016354860038262364,Oscillator
L_M_S_obv_21_zsc_N,-0.0026641883519206897,0.0008676017923615793,Volatility
C_N_lowerShadow_bnd_N,-0.002967218654951013,0.0006655223888355998,Candlestick
M_N_stochasticK_12_bnd_N,-0.0029773572152754224,0.0033831556428159356,Oscillator
V_kurtosis_21_rat_N,-0.003087754872141505,0.0017517834834604679,Volatility
V_volMomentum_6_pct_N,-0.0032037850625211695,0.0011258317229829785,Volatility
S_longShortRatio_rat_N,-0.0033828996282528148,0.0010128905319757824,Sentiment
L_M_S_cmf_6_bnd_N,-0.00343021290976675,0.0002244944433343541,Volume
M_N_rocAccel_3_dif_N,-0.0034313394164694846,0.004116199381808453,Momentum
L_M_S_mfi_12_bnd_N,-0.0034561225639292426,0.002193060033472287,Volume
L_M_S_cmf_12_bnd_N,-0.0035135744057677165,0.0032231839236266956,Volume
M_N_stochasticK_6_bnd_N,-0.0035203334459839772,0.0009420815999801652,Oscillator
L_N_S_oiRatio_21_rat_N,-0.004250309789343228,0.0006485470399600317,OpenInterest
L_N_volumeRatio_6_rat_N,-0.004384364086966371,0.001889153419800184,Volume
V_kurtosis_12_rat_N,-0.00442491832826412,0.00027880983997859783,Volatility
V_volOfVol_6_pct_N,-0.005460177988059052,0.0008455571617196965,Volatility
C_N_bodySize_bnd_N,-0.0062340880928241455,0.0036898234810065914,Candlestick
V_maxDrawdown_21_pct_N,-0.007396643010025923,0.0021181196011843375,Volatility
