feature,category,fwd_ret_1_ic,fwd_ret_1_pval,fwd_ret_1_n,fwd_ret_1_icir,fwd_ret_1_hit_rate,fwd_ret_3_ic,fwd_ret_3_pval,fwd_ret_3_n,fwd_ret_3_icir,fwd_ret_3_hit_rate,fwd_ret_6_ic,fwd_ret_6_pval,fwd_ret_6_n,fwd_ret_6_icir,fwd_ret_6_hit_rate,fwd_ret_12_ic,fwd_ret_12_pval,fwd_ret_12_n,fwd_ret_12_icir,fwd_ret_12_hit_rate,fwd_ret_1_qval,fwd_ret_3_qval,fwd_ret_6_qval,fwd_ret_12_qval,max_abs_ic,fwd_ret_1_abs_ic,fwd_ret_3_abs_ic,fwd_ret_6_abs_ic,fwd_ret_12_abs_ic
M_P_logReturn_pct_N,Momentum,-0.006860977374315095,0.6133958728665269,5425,0.1678161721313575,0.47757888909392876,-0.023782549732775486,0.0798532422731546,5425,-0.35383499415081093,0.47879011434894875,0.004189672578817265,0.7576875225454432,5425,-0.23979739440389633,0.4968646255994098,0.001756659588257017,0.8970756911804327,5425,-0.4342577743650146,0.5000922339051835,0.920730035241421,0.2989914134686916,0.9213495654695323,0.9804422209982994,0.023782549732775486,0.006860977374315095,0.023782549732775486,0.004189672578817265,0.001756659588257017
M_P_roc_3_pct_N,Momentum,-0.0422228387817509,0.0018708542170680984,5423,-0.3468945697725978,0.47158671586715867,-0.04248490199762097,0.0017520948163447475,5423,-0.40116086538302004,0.468744237506915,-0.004670905947812718,0.7309268570672582,5423,-0.32231267877741426,0.4890282131661442,-0.0065866155793790244,0.6277199411589172,5423,-0.4978098494701157,0.48893397270379935,0.15528090001665218,0.05816954790264561,0.9124576869718412,0.8683459186031687,0.04248490199762097,0.0422228387817509,0.04248490199762097,0.004670905947812718,0.0065866155793790244
M_P_V_momAtr_3_rat_N,Momentum,-0.03792985560325967,0.005213222871811687,5423,-0.20559156829664565,0.47158671586715867,-0.02862607887162868,0.0350310167377949,5423,-0.16916236068385168,0.468744237506915,0.00548660979950119,0.6862498935819675,5423,-0.07798812879465322,0.4890282131661442,0.0015609468386019434,0.9085059242414882,5423,-0.22257296313054173,0.48893397270379935,0.216348749180185,0.22365956840284437,0.8895608324046438,0.9804422209982994,0.03792985560325967,0.03792985560325967,0.02862607887162868,0.00548660979950119,0.0015609468386019434
M_P_roc_6_pct_N,Momentum,-0.015529456863232042,0.25299959845952136,5420,-0.2296514654917278,0.4831087317703526,-0.009366046618212977,0.4905775536490913,5420,-0.32059074685085814,0.4867158671586716,0.008073840982679385,0.5523288651228642,5420,-0.30734844397046884,0.4996309963099631,0.0017920858686694442,0.8950600663919502,5420,-0.43834856424281937,0.49215722458018085,0.920730035241421,0.7171827294331503,0.8868521633484934,0.9804422209982994,0.015529456863232042,0.015529456863232042,0.009366046618212977,0.008073840982679385,0.0017920858686694442
M_P_V_momAtr_6_rat_N,Momentum,-0.012450551940603113,0.35943521139517,5420,-0.01997111528540344,0.4831087317703526,-0.008238696493207156,0.5442434747456225,5420,-0.09715502100626089,0.4867158671586716,0.014449511234514269,0.28751331598875723,5420,-0.08938416335601478,0.4996309963099631,0.006009687550056538,0.6582438811178895,5420,-0.2666429225916639,0.49215722458018085,0.920730035241421,0.7451734361204903,0.7662996834162561,0.881197453754594,0.014449511234514269,0.012450551940603113,0.008238696493207156,0.014449511234514269,0.006009687550056538
M_P_roc_12_pct_N,Momentum,-0.011028759303513143,0.41717493883645906,5414,-0.41133404529793993,0.48817005545286507,-0.0115669126931169,0.3948115236119697,5414,-0.48854301198243266,0.4875300203214484,0.007636021517425154,0.5742958591007782,5414,-0.43071367527374904,0.4912248291150933,-0.011413802186886049,0.40109920519003184,5414,-0.5556753348990351,0.48946784922394676,0.920730035241421,0.6488981477186829,0.8868521633484934,0.6725501824398513,0.0115669126931169,0.011028759303513143,0.0115669126931169,0.007636021517425154,0.011413802186886049
M_P_V_momAtr_12_rat_N,Momentum,-0.006540013012210311,0.6304401281693124,5414,-0.17505407295951497,0.48817005545286507,-0.009324283190587515,0.4927533369460927,5414,-0.2656976413987298,0.4875300203214484,0.011305933916320406,0.4055648363377514,5414,-0.2650900195892411,0.4912248291150933,-0.008465166030747569,0.5334597925627661,5414,-0.4375496025199859,0.48946784922394676,0.920730035241421,0.7171827294331503,0.8608786709485695,0.7977867168055782,0.011305933916320406,0.006540013012210311,0.009324283190587515,0.011305933916320406,0.008465166030747569
M_P_roc_21_pct_N,Momentum,-0.01079652857125496,0.42743628724895055,5405,-0.5831032486312552,0.49185486856719735,-0.019213444592650394,0.15784657281702663,5405,-0.6999134749697632,0.48196114708603144,-0.01338607329205937,0.3251434242755059,5405,-0.7610553396236913,0.4860314523589269,-0.027223657131347608,0.04535403853675797,5405,-0.8299087047093138,0.48279052553663954,0.920730035241421,0.3942608150101554,0.8034091456692185,0.2273513638206263,0.027223657131347608,0.01079652857125496,0.019213444592650394,0.01338607329205937,0.027223657131347608
M_P_V_momAtr_21_rat_N,Momentum,-0.008657054033126029,0.524567794826072,5405,-0.41266559369311945,0.49185486856719735,-0.018090733817254807,0.183581368110211,5405,-0.5331800243701821,0.48196114708603144,-0.011331727182165647,0.40488535898337064,5405,-0.6158903688683302,0.4860314523589269,-0.025108287955110838,0.06492229116281995,5405,-0.7088727554587119,0.48279052553663954,0.920730035241421,0.40098035666177667,0.8608786709485695,0.23503617429828189,0.025108287955110838,0.008657054033126029,0.018090733817254807,0.011331727182165647,0.025108287955110838
V_atrPct_3_pct_N,Volatility,0.018386573216727566,0.17571785429035688,5425,0.3004553628021013,0.5077462191073404,0.03279191866850763,0.01571929362795862,5425,0.40545363137985746,0.5146543778801843,0.023689520178233083,0.08103974067263447,5425,0.37854188459497295,0.5172350230414746,0.020709667332992884,0.1272156284054199,5425,0.21203291709706007,0.519542772861357,0.9013828165571316,0.17287072087089736,0.48560504448244796,0.30605499007680725,0.03279191866850763,0.018386573216727566,0.03279191866850763,0.023689520178233083,0.020709667332992884
V_returnStd_3_pct_N,Volatility,0.009351937562584527,0.49111119830689,5423,0.0638606248126797,0.5075645756457564,0.023604255166274377,0.0821962094753101,5423,0.19562144899872758,0.5144753826295408,0.006074779154218362,0.6546917185904053,5423,0.21715364787904917,0.5170569795316245,-0.005321144837601749,0.69523039414135,5423,0.10059615089351567,0.5193655477683512,0.920730035241421,0.2989914134686916,0.8868521633484934,0.9016269174020634,0.023604255166274377,0.009351937562584527,0.023604255166274377,0.006074779154218362,0.005321144837601749
V_atrPct_6_pct_N,Volatility,0.01801462426415327,0.18462057688519562,5425,0.37718498687093843,0.5077462191073404,0.030240799490444815,0.02592255071829043,5425,0.442113298599261,0.5146543778801843,0.024412449574015057,0.0721860772729891,5425,0.35481147289500936,0.5172350230414746,0.025145999037090652,0.06402804818442676,5425,0.21699583304440262,0.519542772861357,0.9013828165571316,0.21515717096181058,0.4793155530926477,0.23503617429828189,0.030240799490444815,0.01801462426415327,0.030240799490444815,0.024412449574015057,0.025145999037090652
V_returnStd_6_pct_N,Volatility,0.00816220780092216,0.5479875632223264,5420,0.1424915695962821,0.5072918589625254,0.01732744361951831,0.20214676957575767,5420,0.2116265837986526,0.5142066420664206,0.005776538267638926,0.670706953384506,5420,0.20312285274122904,0.5171586715867159,-0.004562110785459686,0.7370293542966229,5420,0.14956343476990827,0.5190994648459125,0.920730035241421,0.43020979166122786,0.8868521633484934,0.9339455939941939,0.01732744361951831,0.00816220780092216,0.01732744361951831,0.005776538267638926,0.004562110785459686
V_atrPct_12_pct_N,Volatility,0.015640488194322233,0.24940373141649014,5425,0.4131651859645818,0.5077462191073404,0.026702820286599094,0.04921977213018491,5425,0.4327150986066325,0.5146543778801843,0.02052536650134002,0.13063603405235286,5425,0.3331587979292696,0.5172350230414746,0.025297519192385154,0.06244152888734141,5425,0.22745448991563288,0.519542772861357,0.920730035241421,0.25532756792533423,0.6264471544050817,0.23503617429828189,0.026702820286599094,0.015640488194322233,0.026702820286599094,0.02052536650134002,0.025297519192385154
V_returnStd_12_pct_N,Volatility,0.004517287371304674,0.7396578720301893,5414,0.12628126723347824,0.5076695620033266,0.00024759022892472147,0.9854685687695479,5414,0.09618161428562212,0.5144070927225711,-0.008842004261400688,0.5153976014195305,5414,0.12062215690533558,0.5169929811599556,-0.0017342270837684612,0.898485422035649,5414,0.11893526410812551,0.5185664141880658,0.9696049148736804,0.9898104517200037,0.8799584730965834,0.9804422209982994,0.008842004261400688,0.004517287371304674,0.00024759022892472147,0.008842004261400688,0.0017342270837684612
V_atrPct_21_pct_N,Volatility,0.012552679408423948,0.3552854161616561,5425,0.42821126350111066,0.5077462191073404,0.022009143399852264,0.10503964421452976,5425,0.42640167010333496,0.5146543778801843,0.014562770714910963,0.2835293042388579,5425,0.3376704470150765,0.5172350230414746,0.022170193964648702,0.10251924609911818,5425,0.2537184904259957,0.519542772861357,0.920730035241421,0.3373262301868354,0.7662996834162561,0.2659092945695878,0.022170193964648702,0.012552679408423948,0.022009143399852264,0.014562770714910963,0.022170193964648702
V_returnStd_21_pct_N,Volatility,0.005403008335419093,0.6912692382507071,5405,0.18370138575518236,0.5072195483154387,0.008180270815725189,0.547657585582529,5405,0.1796053628901371,0.5135985198889916,-0.001087420157999957,0.936295113017386,5405,0.1670254411730686,0.5161887141535615,0.0075515922814967645,0.5788517130051354,5405,0.14043942047996416,0.518319763138416,0.963764584213253,0.7451734361204903,0.9674198501073226,0.842889336481162,0.008180270815725189,0.005403008335419093,0.008180270815725189,0.001087420157999957,0.0075515922814967645
N_V_bollingerBandwidth_21_pct_N,Normalized,0.01003091534132652,0.46089365301220286,5406,0.13853547577104264,0.507125670923561,0.01925683455289423,0.15687146042233502,5406,0.10779012164782097,0.5136884942656308,0.009840755893355825,0.4694361679440604,5406,0.04292481896549981,0.5162782093969663,0.003948499310381298,0.7716254424239473,5406,-0.01952884632714196,0.5182238667900092,0.920730035241421,0.3942608150101554,0.8608786709485695,0.9488135069805573,0.01925683455289423,0.01003091534132652,0.01925683455289423,0.009840755893355825,0.003948499310381298
N_V_bollingerBandwidth_42_pct_N,Normalized,0.00832553916407865,0.5413199939002298,5385,0.1105413102679284,0.5072463768115942,0.02341270690301777,0.08581103332449608,5385,0.11887740355293165,0.5136490250696378,0.03324443301494375,0.01470070306999473,5385,0.13034753562980425,0.5164345403899722,0.05497109440882312,5.4362134024779385e-05,5385,0.1514493379618944,0.5187592867756315,0.920730035241421,0.2989914134686916,0.13557315053439584,0.0018048228496226758,0.05497109440882312,0.00832553916407865,0.02341270690301777,0.03324443301494375,0.05497109440882312
N_P_V_pctB_3_bnd_N,Normalized,-0.011715742368889585,0.3883192008531572,5424,0.19524540441964408,0.5076554141302343,-0.032286541313570595,0.017411314601481015,5424,-0.23705665895309974,0.5145648967551623,0.003018277777357071,0.8241279737332653,5424,-0.013866199477952689,0.5171460176991151,0.004026065094091978,0.7668912256519376,5424,-0.09110141562182533,0.519454176654988,0.920730035241421,0.17287072087089736,0.9387520239016022,0.9488135069805573,0.032286541313570595,0.011715742368889585,0.032286541313570595,0.003018277777357071,0.004026065094091978
N_P_V_pctB_6_bnd_N,Normalized,-0.015325574593491077,0.2592401644348447,5421,0.05621455339295748,0.5081210778885198,-0.02559470986631156,0.05951804446016967,5421,-0.15968532877674857,0.5157719977863863,0.009744710082458589,0.4731707255822428,5421,-0.06517019564291612,0.5174322080796901,0.005335076979116213,0.6945260959835837,5421,-0.16690292557835393,0.5191881918819188,0.920730035241421,0.2670269021726531,0.8608786709485695,0.9016269174020634,0.02559470986631156,0.015325574593491077,0.02559470986631156,0.009744710082458589,0.005335076979116213
N_P_V_pctB_12_bnd_N,Normalized,-0.011286744404873298,0.4063190011061374,5415,0.05363124794737364,0.5044345898004434,-0.018685133759374015,0.16919978399143287,5415,-0.18503406186023874,0.5102493074792244,0.007004622546957581,0.6063194582604414,5415,-0.19433518846570103,0.515050784856879,-0.006755405925613721,0.6191898806647695,5415,-0.38182991256834176,0.5144070927225711,0.920730035241421,0.39559386116306844,0.8868521633484934,0.8683459186031687,0.018685133759374015,0.011286744404873298,0.018685133759374015,0.007004622546957581,0.006755405925613721
N_P_V_pctB_21_bnd_N,Normalized,-0.016148239878336038,0.23518410145178378,5406,-0.15277249399919968,0.49953729409587266,-0.024473327111200465,0.07197643858803605,5406,-0.31240104958045817,0.5020347761746208,0.001973763831636554,0.8846409457900778,5406,-0.31954017644705657,0.5090640029596745,-0.018014656584364342,0.185390849839788,5406,-0.5087166215846977,0.5128584643848288,0.920730035241421,0.28563041170967773,0.9483448624600379,0.39967378017408844,0.024473327111200465,0.016148239878336038,0.024473327111200465,0.001973763831636554,0.018014656584364342
M_T_ppo_8_21_pct_N,Trend,-0.011673002215441371,0.3899650661509154,5426,-0.7359597507068544,0.49151604573957947,-0.018261002334816586,0.1786468758223368,5426,-0.7782402024292753,0.4816589861751152,-0.000918323312580106,0.9460806524237095,5426,-0.8121998681688214,0.4894009216589862,-0.017564657899009822,0.19579022657577763,5426,-0.9212479445864488,0.4885693215339233,0.920730035241421,0.39818089182405664,0.9674198501073226,0.41668176425101394,0.018261002334816586,0.011673002215441371,0.018261002334816586,0.000918323312580106,0.017564657899009822
M_T_ppo_12_26_pct_N,Trend,-0.007133307973968598,0.5993503420173849,5426,-0.8848977930457999,0.50018443378827,-0.013978735694918464,0.30324190333972195,5426,-0.9272340909731287,0.4897695852534562,0.002315294339959902,0.8646100706995822,5426,-0.9734042230729917,0.4941935483870968,-0.01723113628614719,0.20441567784173958,5426,-1.0791257086324741,0.4941002949852507,0.920730035241421,0.5655972579145375,0.9483448624600379,0.4231208422128418,0.01723113628614719,0.007133307973968598,0.013978735694918464,0.002315294339959902,0.01723113628614719
N_P_T_priceSmaDeviation_3_pct_N,Normalized,-0.00879027247880117,0.5174716988740323,5424,0.08933453941499486,0.4774907749077491,-0.03787242699760454,0.005277658861954249,5424,-0.4129521405779195,0.47372303153236217,-0.0009740570695394117,0.9428242194195834,5424,-0.29105677805294927,0.49990780011063984,-0.0036360426043276846,0.78891043372511,5424,-0.4715364776350755,0.4987089634821099,0.920730035241421,0.09213370619350236,0.9674198501073226,0.962934794105649,0.03787242699760454,0.00879027247880117,0.03787242699760454,0.0009740570695394117,0.0036360426043276846
N_P_T_priceEmaDeviation_3_pct_N,Normalized,-0.022395559917102816,0.09904221369323465,5426,-0.07540390941445875,0.47085946145333823,-0.037232382994716706,0.006089772710014149,5426,-0.4267867923949259,0.47078341013824887,0.0006509962590113776,0.9617622718703815,5426,-0.32096016578941433,0.49585253456221196,-0.004196002564662457,0.7573112430825343,5426,-0.48796463487517094,0.4924410029498525,0.7268995443382483,0.09213370619350236,0.968706267950565,0.9452155364789526,0.037232382994716706,0.022395559917102816,0.037232382994716706,0.0006509962590113776,0.004196002564662457
N_P_T_priceSmaDeviation_6_pct_N,Normalized,-0.026516020021624696,0.05091450090339159,5421,-0.21981128777951267,0.47619047619047616,-0.033347045569210136,0.014073798225518798,5421,-0.40770355825608645,0.4742667404537908,0.002977722807141456,0.8265004593446527,5421,-0.3112524665094497,0.4958494742667405,-0.002555958377101286,0.8507625292924701,5421,-0.4641772181325158,0.4904059040590406,0.7268995443382483,0.16755523267352992,0.9387520239016022,0.9804422209982994,0.033347045569210136,0.026516020021624696,0.033347045569210136,0.002977722807141456,0.002555958377101286
N_P_T_priceEmaDeviation_6_pct_N,Normalized,-0.021145874811298683,0.11936374661425135,5426,-0.22366693889315697,0.4767613426779786,-0.029488280216908812,0.029846650361355236,5426,-0.47038468754718576,0.4774193548387097,0.002651097650913974,0.8452059415976694,5426,-0.3815103085291658,0.4951152073732719,-0.0046785147436321246,0.7304339247041384,5426,-0.5275543360127656,0.4872787610619469,0.7907137917146122,0.22145258112173996,0.9471266628810918,0.9327079346222075,0.029488280216908812,0.021145874811298683,0.029488280216908812,0.002651097650913974,0.0046785147436321246
N_P_T_priceSmaDeviation_12_pct_N,Normalized,-0.012639408219198513,0.35241532915615326,5415,-0.3228813263945174,0.48078344419807834,-0.018431967367150495,0.17505163320584258,5415,-0.4807813606460727,0.4729455216989843,0.004705537491860484,0.729202278234083,5415,-0.39878654587350093,0.489196675900277,-0.009758453107869228,0.47279211763642903,5415,-0.5178672631465203,0.4806058367196158,0.920730035241421,0.3980626179749297,0.9124576869718412,0.7553798800826246,0.018431967367150495,0.012639408219198513,0.018431967367150495,0.004705537491860484,0.009758453107869228
N_P_T_priceEmaDeviation_12_pct_N,Normalized,-0.014263357382591848,0.2935020502600486,5426,-0.36890581126633337,0.4817410549612689,-0.02036326227987448,0.13366723851086915,5426,-0.5627862960150899,0.4857142857142857,0.004453169958416634,0.7429474057192602,5426,-0.5078779018604012,0.4952995391705069,-0.006933181304258986,0.6096338197508939,5426,-0.6478103904255905,0.4856194690265487,0.920730035241421,0.37363013967857267,0.9135501433288681,0.8683459186031687,0.02036326227987448,0.014263357382591848,0.02036326227987448,0.004453169958416634,0.006933181304258986
N_P_T_priceSmaDeviation_21_pct_N,Normalized,-0.01277808501644177,0.34755813375404965,5406,-0.44485119108357263,0.48861743475846753,-0.023443917718646522,0.08478655248845834,5406,-0.5793613084677407,0.47909729929707734,-0.0028980095999254574,0.8313045030935875,5406,-0.5474394817024558,0.49019607843137253,-0.021069006577573744,0.12140021861526204,5406,-0.6780810903922815,0.48122109158186865,0.920730035241421,0.2989914134686916,0.9387520239016022,0.3037593146406586,0.023443917718646522,0.01277808501644177,0.023443917718646522,0.0028980095999254574,0.021069006577573744
N_P_T_priceEmaDeviation_21_pct_N,Normalized,-0.012495269794315332,0.3574459084388284,5426,-0.5319468844228351,0.49096274437476944,-0.0219490873737683,0.10595980049709854,5426,-0.7055085192207301,0.4860829493087558,0.002957966926774897,0.8275551614601936,5426,-0.6838121774706922,0.4927188940092166,-0.00933666002661536,0.49169975601403726,5426,-0.8261417766404824,0.49262536873156343,0.920730035241421,0.3373262301868354,0.9387520239016022,0.7576869952594294,0.0219490873737683,0.012495269794315332,0.0219490873737683,0.002957966926774897,0.00933666002661536
F_I_fundingCumulative_3_pct_N,Funding,0.00020308806412874263,0.9880670423882869,5426,-0.3899554827202727,0.504886594136087,-0.0007117329437820764,0.9581978918374489,5426,-0.3198302256279932,0.5079248064872834,-0.009208592342436208,0.4976602448112357,5426,-0.5151749434198536,0.5082934021378548,-0.02308759094345825,0.08903714191137882,5426,-0.5670418508944632,0.5087557603686635,0.988067042388287,0.9843974681525242,0.869595796196475,0.2586204706644288,0.02308759094345825,0.00020308806412874263,0.0007117329437820764,0.009208592342436208,0.02308759094345825
F_I_T_fundingMa_3_pct_N,Funding,0.00024310228947215263,0.9857161348874914,5426,-0.38997440498015784,0.504886594136087,-0.0006177011244122574,0.9637165518292438,5426,-0.319778856860126,0.5079248064872834,-0.00908684243789209,0.5033621529439718,5426,-0.5148454112430612,0.5082934021378548,-0.022992519918464065,0.0903613692682944,5426,-0.5669638782498108,0.5087557603686635,0.988067042388287,0.9843974681525242,0.8703970561322846,0.2586204706644288,0.022992519918464065,0.00024310228947215263,0.0006177011244122574,0.00908684243789209,0.022992519918464065
F_I_fundingCumulative_7_pct_N,Funding,-0.00023072325356161138,0.9864434131534203,5426,-0.5238481646973664,0.5087589894892126,-0.006999594474666663,0.6062124985164845,5426,-0.5536775316347541,0.5062661260597124,-0.011357633649088561,0.4028999526081882,5426,-0.5895856669592551,0.5121636564688536,-0.026647655010547503,0.049669474074205154,5426,-0.6553217369621436,0.5141013824884793,0.988067042388287,0.807413039459083,0.8608786709485695,0.2283043423796628,0.026647655010547503,0.00023072325356161138,0.006999594474666663,0.011357633649088561,0.026647655010547503
F_I_T_fundingMa_7_pct_N,Funding,0.0004902665503425334,0.9711983197458243,5426,-0.5234215349755292,0.5087589894892126,-0.005624350118396601,0.6787237927502545,5426,-0.5530150954628962,0.5062661260597124,-0.0098035095142643,0.47029996039710786,5426,-0.5886329553579653,0.5121636564688536,-0.025291643769850252,0.0624782640420937,5426,-0.6547339937856356,0.5141013824884793,0.988067042388287,0.862051119745124,0.8608786709485695,0.23503617429828189,0.025291643769850252,0.0004902665503425334,0.005624350118396601,0.0098035095142643,0.025291643769850252
F_I_fundingCumulative_21_pct_N,Funding,0.006311321059438656,0.6420759891452616,5426,-0.7092344170588962,0.5107873870551355,-0.0016936184290437318,0.9007407662341534,5426,-0.7048528421791178,0.5127165499447106,0.0050663967966899474,0.7090634295278814,5426,-0.6811829855772676,0.5230372281607077,0.0026961490502047567,0.8426095405119904,5426,-0.57317128388667,0.5227649769585253,0.920730035241421,0.9584805589414709,0.9054194561663717,0.9804422209982994,0.006311321059438656,0.006311321059438656,0.0016936184290437318,0.0050663967966899474,0.0026961490502047567
F_I_T_fundingMa_21_pct_N,Funding,0.00831443609530574,0.5403244892211758,5426,-0.7073077805044267,0.5107873870551355,0.0013129925076409586,0.9229689217629194,5426,-0.7018604083860938,0.5127165499447106,0.007768770940058913,0.5672303615358885,5426,-0.6757270538778497,0.5230372281607077,0.0063719683317865344,0.6388804791625443,5426,-0.5671174307693275,0.5227649769585253,0.920730035241421,0.9636027736644316,0.8868521633484934,0.8686643453157014,0.00831443609530574,0.00831443609530574,0.0013129925076409586,0.007768770940058913,0.0063719683317865344
F_I_M_fundingMaDiff_3_7_pct_N,Funding,-0.004785056223391861,0.7245422845774465,5426,0.03283218620421806,0.5019222554463905,0.0028619638987658924,0.8330682382438573,5426,0.24765924134251205,0.5127001067235859,-0.003178915778230293,0.814899592240035,5426,0.07440431665278549,0.5026680896478122,0.008618301032432631,0.5256230933941166,5426,0.09201400145302627,0.4976515798462852,0.9696049148736804,0.9460401957262092,0.9387520239016022,0.7932130318493033,0.008618301032432631,0.004785056223391861,0.0028619638987658924,0.003178915778230293,0.008618301032432631
F_I_M_fundingMaDiff_3_21_pct_N,Funding,-0.006286197270801975,0.6434017113735232,5426,-0.004238813988161584,0.4984538074990336,-0.006606896753418119,0.626565665261369,5426,0.11016465625928555,0.49739231214989377,-0.019273958850584076,0.15573835264540614,5426,-0.0779691220270419,0.48271199536411047,-0.027997234899330203,0.03918448918498105,5426,-0.2153689558484744,0.47469088098918083,0.920730035241421,0.8189755939636792,0.6305504033935956,0.2273513638206263,0.027997234899330203,0.006286197270801975,0.006606896753418119,0.019273958850584076,0.027997234899330203
F_I_M_fundingMaDiff_7_21_pct_N,Funding,-0.013020574015259145,0.3375923898732226,5426,-0.035293992118433315,0.4941972920696325,-0.008756328576594693,0.5190133354063377,5426,-0.08023707449943288,0.4944906243959018,-0.022576445232324587,0.09634425764211438,5426,-0.15476303816188078,0.4813454475159482,-0.04974479155842559,0.00024666725587978655,5426,-0.32847271882396695,0.46867749419953597,0.920730035241421,0.734314247599161,0.5159079602771286,0.004549640497338286,0.04974479155842559,0.013020574015259145,0.008756328576594693,0.022576445232324587,0.04974479155842559
F_I_N_S_fundingZscore_21_zsc_N,Funding,0.002031269142075255,0.881086690484137,5426,-0.04995626087862732,0.5057203800659298,-0.00017341507534266159,0.9898104517200037,5426,0.012371618409248369,0.5054263565891473,-0.011372161966681556,0.40229848130962276,5426,-0.06917132217951308,0.4906976744186046,-0.02650693148404404,0.050887112458117605,5426,-0.21851010209086824,0.4842023647993797,0.9831099976087642,0.9898104517200037,0.8608786709485695,0.2283043423796628,0.02650693148404404,0.002031269142075255,0.00017341507534266159,0.011372161966681556,0.02650693148404404
F_I_N_S_fundingZscore_42_zsc_N,Funding,-0.0015930830666191784,0.906605092672419,5426,-0.16435696112838152,0.5040665783998487,-0.001466518725366111,0.9139949201434973,5426,-0.06773898096543009,0.4984877126654064,-0.0087462700570312,0.5194935564064167,5426,-0.11475593959981356,0.4899810964083176,-0.017428879291272948,0.199268951709854,5426,-0.2162434735095153,0.48799394970693893,0.9831099976087642,0.9630719852535066,0.8799584730965834,0.41871703777007296,0.017428879291272948,0.0015930830666191784,0.001466518725366111,0.0087462700570312,0.017428879291272948
D_F_T_premiumMa_3_pct_N,Derivative,-0.01399465703553892,0.3026914628481901,5426,-0.8991308359006205,0.5053485798598303,-0.011716686804649525,0.3881934542668417,5426,-0.6881077386399421,0.49658986175115205,-0.006221177774788881,0.6468378989498633,5426,-0.6059602646321083,0.5054377880184332,-0.02342717696798536,0.08443424102429647,5426,-0.697160953855672,0.4987094395280236,0.920730035241421,0.6444011340829573,0.8868521633484934,0.25198706078214245,0.02342717696798536,0.01399465703553892,0.011716686804649525,0.006221177774788881,0.02342717696798536
D_F_T_premiumMa_7_pct_N,Derivative,-0.006978311644113268,0.6073079635896313,5426,-0.6618078677939574,0.504148995021206,-0.013684166825921336,0.31354584812144454,5426,-0.6219999456504902,0.49944710652414304,-0.01712794220787341,0.20713962304964195,5426,-0.6559540720109237,0.5079248064872834,-0.03319464713983525,0.014474203696233602,5426,-0.7437363973330974,0.503410138248848,0.920730035241421,0.5657457694365194,0.6487769325705768,0.12394367429059523,0.03319464713983525,0.006978311644113268,0.013684166825921336,0.01712794220787341,0.03319464713983525
D_F_T_premiumMa_21_pct_N,Derivative,-0.0030391941031430478,0.8228972175787723,5426,-0.8893996309368621,0.5082057901530518,-0.012435039315639638,0.35976833357282845,5426,-0.8398707816664609,0.5044231478068559,-0.01563967384485701,0.24938473564323727,5426,-0.7948187016554998,0.5165868042757096,-0.014346432117428386,0.29069920868734134,5426,-0.7317939579886746,0.5069124423963134,0.9827405620005483,0.609403503807036,0.7137563123582308,0.5422030184505467,0.01563967384485701,0.0030391941031430478,0.012435039315639638,0.01563967384485701,0.014346432117428386
D_F_N_S_premiumZscore_21_zsc_N,Derivative,-0.04441325483972855,0.0010663749153138743,5426,-0.6827085741036113,0.49250416435313715,-0.03766661350632988,0.005521521560859819,5426,-0.5809112191109451,0.4903810580836108,-0.027231280019456773,0.04487720107736746,5426,-0.34899218554626416,0.4900110987791343,-0.03637673938324527,0.007365942173426941,5426,-0.3835489078548905,0.484736355226642,0.15528090001665218,0.09213370619350236,0.3547435894687142,0.08733902862777658,0.04441325483972855,0.04441325483972855,0.03766661350632988,0.027231280019456773,0.03637673938324527
D_F_N_S_premiumZscore_42_zsc_N,Derivative,-0.038057900858225066,0.005050930126363176,5426,-0.7336029786705411,0.48810850984764026,-0.03434209480606539,0.01141113964585331,5426,-0.642362495855508,0.4991643454038997,-0.020308322616879447,0.13471912708382788,5426,-0.40485578098102465,0.4934076137418756,-0.02267335889825224,0.09492313488676102,5426,-0.3806209717065263,0.4931277860326895,0.216348749180185,0.15785409843430412,0.6264471544050817,0.2601367789337623,0.038057900858225066,0.038057900858225066,0.03434209480606539,0.020308322616879447,0.02267335889825224
D_F_basis_pct_N,Derivative,-0.022699063923044265,0.09454903234074936,5426,-1.0675156943042987,0.49474460630647243,-0.02029126375669465,0.1350470384380383,5426,-0.8913588442019732,0.49336527828971616,-0.007509874994503385,0.5802167401189082,5426,-0.663582130011516,0.5036859565057132,-0.006591286629356508,0.6273807689918574,5426,-0.6880209968880702,0.49880184331797234,0.7268995443382483,0.37363013967857267,0.8868521633484934,0.8683459186031687,0.022699063923044265,0.022699063923044265,0.02029126375669465,0.007509874994503385,0.006591286629356508
D_markIndexSpread_pct_N,Derivative,-0.005233602306153001,0.6999201740942401,5426,-0.6691093456372827,0.5034013605442177,-0.008602011231263309,0.5264059967728925,5426,-0.7228822151980335,0.4922,0.0046671109051650205,0.7310654961882824,5426,-0.4230063932892577,0.5014,0.0009793239729694282,0.9425050097734433,5426,-0.5202018739332379,0.49429885977195437,0.963764584213253,0.734314247599161,0.9124576869718412,0.9804422209982994,0.008602011231263309,0.005233602306153001,0.008602011231263309,0.0046671109051650205,0.0009793239729694282
L_M_N_S_oiPctChange_pct_N,Liquidity,0.008423470210307522,0.5350633517976704,5425,0.17960971675862888,0.5132792327554409,0.01289231863109038,0.34241761924879566,5425,0.2039195205157087,0.5098617511520738,-0.0006321699508998606,0.9628706880231519,5425,-0.14078642833092456,0.49806451612903224,0.006282094679732679,0.6436488823724775,5425,-0.027249974727526487,0.5040560471976401,0.920730035241421,0.585993039126805,0.968706267950565,0.8686643453157014,0.01289231863109038,0.008423470210307522,0.01289231863109038,0.0006321699508998606,0.006282094679732679
L_N_volOiRatio_rat_N,Liquidity,0.015327046873142824,0.2589747367151435,5426,0.24979905510337985,0.5078369905956113,0.02920976529336996,0.031429252748415536,5426,0.3710545805958268,0.514743826022853,0.021781157398943762,0.10865875485616956,5426,0.4464945295854092,0.5173239955768522,0.02384908152482773,0.07898575574626214,5426,0.2508302867788344,0.5196313364055299,0.920730035241421,0.22145258112173996,0.5465864638219439,0.25198706078214245,0.02920976529336996,0.015327046873142824,0.02920976529336996,0.021781157398943762,0.02384908152482773
L_M_N_S_oiRoc_3_pct_N,Liquidity,-0.0021167510656569435,0.8761560262864737,5423,0.1904043192935001,0.49907749077490776,-0.004339658726953487,0.7493438019097234,5423,0.0039514240975282704,0.5017517978978425,0.005978961009928665,0.6597928177752344,5423,-0.06555169787767857,0.5061773925871289,0.001951294681228036,0.8857671074507626,5423,-0.09541473397523556,0.5049797122832903,0.9831099976087642,0.8870263846447275,0.8868521633484934,0.9804422209982994,0.005978961009928665,0.0021167510656569435,0.004339658726953487,0.005978961009928665,0.001951294681228036
L_M_N_S_oiRoc_6_pct_N,Liquidity,-0.022297708095231992,0.1007149971071067,5420,-0.17007966561202417,0.49067749676942957,-0.009742194344238102,0.4733258099807679,5420,-0.07676507028222211,0.4970479704797048,-0.003824488909519569,0.7783288887037296,5420,-0.07526638584098995,0.4992619926199262,-0.014677725159612211,0.2799673848460641,5420,-0.1020449408273891,0.49418711939472226,0.7268995443382483,0.7147396803297601,0.9295150757181232,0.5341906423499614,0.022297708095231992,0.022297708095231992,0.009742194344238102,0.003824488909519569,0.014677725159612211
L_M_N_S_oiRoc_12_pct_N,Liquidity,-0.00567173803096405,0.6765081037476595,5414,-0.004409812838842021,0.4960266124561079,-0.01036360811998692,0.44582278386673235,5414,-0.07036745906851832,0.5007388252678242,-0.017644516788850217,0.19425887045300178,5414,-0.08234143530416069,0.4944588104913188,-0.03059800092233483,0.024359913683162922,5414,-0.06862832765172451,0.4919637908738223,0.9598320104453972,0.6988689543262817,0.6434855590718096,0.1758150291915237,0.03059800092233483,0.00567173803096405,0.01036360811998692,0.017644516788850217,0.03059800092233483
L_N_S_oiRatio_6_rat_N,Liquidity,-0.007344588929796844,0.5887516942781645,5421,0.13258399171188134,0.5073827980804725,-0.013086849019979847,0.335361753006861,5421,-0.03192844518947667,0.5142962553034496,-0.0012735291735782714,0.9253116369894053,5421,-0.09177723062231119,0.5170632724589559,-0.0015722590545487055,0.9078627363091621,5421,-0.09918121634599004,0.5191881918819188,0.920730035241421,0.5798963645743638,0.966048627297115,0.9804422209982994,0.013086849019979847,0.007344588929796844,0.013086849019979847,0.0012735291735782714,0.0015722590545487055
L_N_S_oiRatio_12_rat_N,Liquidity,-0.003746343320132959,0.7828412505817717,5415,0.06904133289152023,0.5075757575757576,-0.004620712568564692,0.7338970218877214,5415,-0.04278963141705031,0.5144967682363805,-0.0014685893854848033,0.9139610025579058,5415,-0.07547364876402149,0.5170821791320406,-0.013927602614880429,0.3055051536727456,5415,-0.06921867221719658,0.51865533801256,0.9696049148736804,0.8870263846447275,0.9659453248533301,0.5512375598877801,0.013927602614880429,0.003746343320132959,0.004620712568564692,0.0014685893854848033,0.013927602614880429
L_N_S_oiRatio_21_rat_N,Liquidity,-0.000830399696678881,0.9513261989161339,5406,0.06187490364482349,0.507125670923561,-0.0043737968260911565,0.7478218174932951,5406,-0.046369973979313736,0.5136884942656308,-0.014693165197472026,0.28008390221721136,5406,-0.0768472992010764,0.5162782093969663,-0.036084785920584346,0.007968474183726601,5406,-0.08281723401412015,0.5182238667900092,0.987000931375489,0.8870263846447275,0.7662996834162561,0.08818444763324104,0.036084785920584346,0.000830399696678881,0.0043737968260911565,0.014693165197472026,0.036084785920584346
C_N_bodySize_bnd_N,Candlestick,0.002250628988464181,0.8683564759136909,5426,0.021157527275745453,0.5078398819406014,-0.0005684606100197333,0.9666071524630206,5426,-0.03831766317464598,0.5147492625368731,-0.007356701654639607,0.5879650216089062,5426,-0.09284853567351706,0.5173303834808259,-0.007921436092050352,0.5596384017298857,5426,-0.06381328595585507,0.5196385764337083,0.9831099976087642,0.9843974681525242,0.8868521633484934,0.8294640597067948,0.007921436092050352,0.002250628988464181,0.0005684606100197333,0.007356701654639607,0.007921436092050352
C_N_upperShadow_bnd_N,Candlestick,0.008917993075685322,0.5113265970473051,5426,0.1320227540018281,0.507700872146966,-0.005452010016734245,0.6880424114724482,5426,-0.10186463530859229,0.5133531157270029,0.016675620649204984,0.21939001346442918,5426,0.12303596149141208,0.516320474777448,0.030030254556661883,0.02696255961694855,5426,0.18346658616646397,0.5197551474680022,0.920730035241421,0.862051119745124,0.6744211525017638,0.1864910373505608,0.030030254556661883,0.008917993075685322,0.005452010016734245,0.016675620649204984,0.030030254556661883
C_N_lowerShadow_bnd_N,Candlestick,-0.012866469800954393,0.3433418473926281,5426,-0.16039772260661708,0.5093883621490983,0.0023734175818323293,0.861245276314657,5426,0.12653440583267855,0.5163507989594947,-0.00684578272029781,0.6141492429925091,5426,-0.024664441705912307,0.5176514306949089,-0.01474288739486119,0.2775717618826282,5426,-0.1281250822327577,0.52072105556588,0.920730035241421,0.9460401957262092,0.8868521633484934,0.5341906423499614,0.01474288739486119,0.012866469800954393,0.0023734175818323293,0.00684578272029781,0.01474288739486119
B_C_candleDirection_bin,Other,-0.014297048847526963,0.2923631633703198,5426,0.11459973930142013,0.4777716288507655,-0.013342403117599988,0.32578601802133966,5426,-0.09132287913060429,0.47898230088495575,0.01004061561587534,0.45963141577192945,5426,-0.00801146916867984,0.4970501474926254,0.012260757258664823,0.36654168641896145,5426,-0.0002422141224665334,0.5002765996680804,0.920730035241421,0.5722638938132971,0.8608786709485695,0.6272775252118309,0.014297048847526963,0.014297048847526963,0.013342403117599988,0.01004061561587534,0.012260757258664823
M_N_rsi_6_bnd_N,Oscillator,-0.011657366612409443,0.39460489121596143,5335,-0.003788681622909586,0.5070928693020617,-0.005758529586529919,0.6741098791418738,5335,-0.0543105418082758,0.5137996219281663,0.01446455467041303,0.29082457864592853,5335,-0.07997310466926653,0.5173913043478261,0.0006071669644283536,0.9646351846306915,5335,-0.265972302674669,0.518812629986765,0.920730035241421,0.862051119745124,0.7662996834162561,0.9823892064337103,0.01446455467041303,0.011657366612409443,0.005758529586529919,0.01446455467041303,0.0006071669644283536
M_N_rsi_12_bnd_N,Oscillator,-0.008462960342618809,0.5335286386808124,5415,-0.1621945104278752,0.5075757575757576,-0.00923546341113675,0.4968434571374234,5415,-0.2581021867941232,0.5144967682363805,0.009813256160486627,0.4703094514511411,5415,-0.27955766497079476,0.5170821791320406,-0.010152105569832646,0.45511996809254707,5415,-0.446967802731047,0.51865533801256,0.920730035241421,0.7171827294331503,0.8608786709485695,0.7406854382682629,0.010152105569832646,0.008462960342618809,0.00923546341113675,0.009813256160486627,0.010152105569832646
M_N_rsi_21_bnd_N,Oscillator,-0.009902213020121325,0.46666580362838506,5406,-0.40897193178728036,0.507125670923561,-0.018242084442572783,0.17990100534219425,5406,-0.5218391216394946,0.5136884942656308,-0.010170769102384064,0.4546668641462641,5406,-0.5967036979384535,0.5162782093969663,-0.024955476066164564,0.06654638669891114,5406,-0.7149733144393485,0.5182238667900092,0.920730035241421,0.39818089182405664,0.8608786709485695,0.23503617429828189,0.024955476066164564,0.009902213020121325,0.018242084442572783,0.010170769102384064,0.024955476066164564
M_N_stochasticK_6_bnd_N,Oscillator,-0.023103515981800663,0.08896411781974459,5421,-0.03347045953009043,0.5073827980804725,-0.028026962883644937,0.03906676230535649,5421,-0.17528146879658782,0.5142962553034496,-0.004564751456981789,0.7368593958341223,5421,-0.15677529878771782,0.5170632724589559,-0.02071929268725442,0.1271791975100387,5421,-0.3657885650703557,0.5191881918819188,0.7268995443382483,0.23088381131551663,0.9128258187198828,0.30605499007680725,0.028026962883644937,0.023103515981800663,0.028026962883644937,0.004564751456981789,0.02071929268725442
M_N_T_stochasticD_6_bnd_N,Oscillator,-0.0235158305194606,0.0834640749252764,5419,-0.16384194154550355,0.5073855243722304,-0.016847923129872974,0.21495967487299208,5419,-0.11985111493000532,0.5143015316479055,-0.006777178051901098,0.6179309587454327,5419,-0.18602406789048467,0.5172541059236021,-0.023860021142135097,0.07904180471224544,5419,-0.40814567147629544,0.5190107050572167,0.7268995443382483,0.4405346423323048,0.8868521633484934,0.25198706078214245,0.023860021142135097,0.0235158305194606,0.016847923129872974,0.006777178051901098,0.023860021142135097
M_N_stochasticK_12_bnd_N,Oscillator,-0.020399361796229764,0.13337341065065747,5415,-0.11330497322018841,0.5075757575757576,-0.025896945718397277,0.056708620247048515,5415,-0.23424319511910865,0.5144967682363805,-0.00256831289431085,0.8501317636703776,5415,-0.24353673380380225,0.5170821791320406,-0.024673628851510008,0.06944592106264834,5415,-0.447858819705165,0.51865533801256,0.7907137917146122,0.2670269021726531,0.9471266628810918,0.24016714367499217,0.025896945718397277,0.020399361796229764,0.025896945718397277,0.00256831289431085,0.024673628851510008
M_N_T_stochasticD_12_bnd_N,Oscillator,-0.020510865965236054,0.13133506296127312,5413,-0.21959530013141557,0.5075785582255083,-0.018924562463662198,0.1638794953957875,5413,-0.21205367458145422,0.5143173840753741,-0.004146035241076086,0.7603909064417225,5413,-0.2706103171777556,0.5169037502309255,-0.02705231378503447,0.04656594198735719,5413,-0.4696848548525111,0.5184774575018477,0.7907137917146122,0.3942608150101554,0.9213495654695323,0.2273513638206263,0.02705231378503447,0.020510865965236054,0.018924562463662198,0.004146035241076086,0.02705231378503447
L_M_N_volumeRoc_3_pct_N,Liquidity,0.0064656375920313265,0.6340520298788845,5423,-0.08178681217218398,0.4996309963099631,0.015272361139157371,0.2608100520317916,5423,0.05088105288485935,0.504148995021206,0.014147637037942806,0.2975700845809376,5423,0.27701516222870687,0.5034113959063249,0.00037605563031500004,0.977912001447256,5423,0.2307139833457095,0.5038731095536703,0.920730035241421,0.5216201040635832,0.7718224068818069,0.9881271752831835,0.015272361139157371,0.0064656375920313265,0.015272361139157371,0.014147637037942806,0.00037605563031500004
L_M_N_volumeRoc_6_pct_N,Liquidity,0.007386432697632363,0.5866644782708066,5420,0.026990667347143147,0.5048920066457449,0.014454428579030825,0.2873492905141474,5420,0.291058830981494,0.4948339483394834,0.030404322806249353,0.025195819295916282,5420,0.48972338896375256,0.5059040590405904,-0.002123986914967721,0.8757702265020018,5420,0.20997052003409755,0.49418711939472226,0.920730035241421,0.5420452525607781,0.21810630045204885,0.9804422209982994,0.030404322806249353,0.007386432697632363,0.014454428579030825,0.030404322806249353,0.002123986914967721
L_M_N_volumeRoc_12_pct_N,Liquidity,0.008056740100033646,0.5533907958401297,5414,0.0050539842486018735,0.49695065607096656,0.008662474106798653,0.5239628879906534,5414,-0.037403728836630734,0.5025858884373846,-0.001957467675554225,0.885502733019915,5414,-0.026851323784850698,0.49889176209826375,-0.012487702720070394,0.35826955393668203,5414,0.021792429843891084,0.4967670423055607,0.920730035241421,0.734314247599161,0.9483448624600379,0.619507770348846,0.012487702720070394,0.008056740100033646,0.008662474106798653,0.001957467675554225,0.012487702720070394
L_N_volumeRatio_6_rat_N,Liquidity,0.00041120844046100473,0.975852324820573,5421,-0.06623141075618381,0.5073827980804725,0.00955212695993276,0.481960709413094,5421,0.07941557517990436,0.5142962553034496,0.011702734974441435,0.38897746553368906,5421,0.2304113566418062,0.5170632724589559,0.00137928800479049,0.9191296847597057,5421,0.07703089132378221,0.5191881918819188,0.988067042388287,0.7171827294331503,0.8608786709485695,0.9804422209982994,0.011702734974441435,0.00041120844046100473,0.00955212695993276,0.011702734974441435,0.00137928800479049
L_N_volumeRatio_12_rat_N,Liquidity,0.009021658123626727,0.5068604830261123,5415,0.06519796777634464,0.5075757575757576,0.02365269466191693,0.0817949493549294,5415,0.2450016673671352,0.5144967682363805,0.02320390714158948,0.08775994779803277,5415,0.2958873234070512,0.5170821791320406,-0.00015970536012173924,0.9906254912241459,5415,0.07458825151087961,0.51865533801256,0.920730035241421,0.2989914134686916,0.48560504448244796,0.9906254912241458,0.02365269466191693,0.009021658123626727,0.02365269466191693,0.02320390714158948,0.00015970536012173924
L_N_volumeRatio_21_rat_N,Liquidity,0.010613414231861136,0.435274242307075,5406,0.06300168341562681,0.507125670923561,0.021982986800171,0.10606583469146916,5406,0.17797105638333963,0.5136884942656308,0.01808557569593754,0.18366581368980053,5406,0.22341767366262563,0.5162782093969663,0.0003039469000327891,0.9821746019381041,5406,0.05754834543137719,0.5182238667900092,0.920730035241421,0.3373262301868354,0.6434855590718096,0.9881271752831835,0.021982986800171,0.010613414231861136,0.021982986800171,0.01808557569593754,0.0003039469000327891
M_N_rocAccel_3_dif_N,Oscillator,-0.031501735579479315,0.020383172663048663,5420,-0.2991812776904315,0.4844009599409267,-0.031400639058756605,0.020790237206608494,5420,-0.2610811113764206,0.4881918819188192,-0.00965897813315906,0.4771134802847493,5420,-0.1137684945169969,0.4940959409594096,-0.009314818055409653,0.49295298486758055,5420,-0.24738577302678472,0.4952943347481085,0.6195419357941294,0.1917321875720561,0.8608786709485695,0.7576869952594294,0.031501735579479315,0.031501735579479315,0.031400639058756605,0.00965897813315906,0.009314818055409653
M_N_rocAccel_6_dif_N,Oscillator,-0.010296025613373231,0.4487949474441172,5414,0.0475135282609183,0.49565699501016447,-0.016870753932774967,0.21455038552225203,5414,0.004187821320258014,0.481529368304396,-0.008103754977633071,0.5510780357747025,5414,0.016505177145583395,0.49335057258958254,0.005632773166600283,0.67860578697375,5414,0.08882703622101298,0.49436541658969146,0.920730035241421,0.4405346423323048,0.8868521633484934,0.8940361955368451,0.016870753932774967,0.010296025613373231,0.016870753932774967,0.008103754977633071,0.005632773166600283
N_P_L_vwapDeviation_pct_N,Normalized,-0.02046846099539552,0.13167081866257746,5426,0.07748426539437733,0.4729854324174811,-0.01752698002124212,0.19675106363710285,5426,-0.21425881594298085,0.47991153704386286,-0.0059027188215864295,0.6637757935911546,5426,-0.19564609809679878,0.48728345005528934,-0.023511635316130194,0.08331986138330513,5426,-0.4447358004765739,0.4894009216589862,0.7907137917146122,0.4241646306981698,0.8868521633484934,0.25198706078214245,0.023511635316130194,0.02046846099539552,0.01752698002124212,0.0059027188215864295,0.023511635316130194
M_P_L_vwapReturn_pct_N,Momentum,0.012522231447533056,0.3564537019039782,5425,0.3093185234064422,0.48708963482109924,-0.030820786122031783,0.023200982675111476,5425,-0.4313986342596594,0.4794470046082949,-0.003275134022722394,0.8094204608881315,5425,-0.30660701747463476,0.496036866359447,-0.0008615361517234159,0.9494149502875286,5425,-0.46100491952466804,0.4948377581120944,0.920730035241421,0.202703322319395,0.9387520239016022,0.9804422209982994,0.030820786122031783,0.012522231447533056,0.030820786122031783,0.003275134022722394,0.0008615361517234159
M_D_F_S_premiumChange_pct_N,Momentum,-0.022398803517850747,0.0989933091290625,5426,-0.272330567402649,0.4860314523589269,-0.027793730626059002,0.040633688787693995,5426,-0.7374102277276068,0.49278846153846156,-0.023683503266461788,0.08108894235820584,5426,-0.6051298562822482,0.4918639053254438,-0.011457869781102675,0.3987611524671344,5426,-0.40983644179495304,0.4939892731644165,0.7268995443382483,0.23088381131551663,0.48560504448244796,0.6725501824398513,0.027793730626059002,0.022398803517850747,0.027793730626059002,0.023683503266461788,0.011457869781102675
V_D_F_S_premiumRange_pct_N,Volatility,0.003514958020415138,0.7957449357235492,5426,-0.1890738612523704,0.5078427754198191,0.02992676048981494,0.027493940941200196,5426,0.09169325499911368,0.5147547030616009,0.025765814752640444,0.05771934578089021,5426,0.045497912676987176,0.5175212098856511,0.02948593176037835,0.029859703180112995,5426,-0.01361138231724465,0.5198302896144623,0.9696049148736804,0.21733305696377295,0.4165831043316424,0.1982684291159503,0.02992676048981494,0.003514958020415138,0.02992676048981494,0.025765814752640444,0.02948593176037835
M_P_S_W_oiWeightedReturn_pct_N,Momentum,0.030199742815838336,0.026125262352764494,5425,0.5420071361834553,0.5109798855877468,0.011820099799352054,0.3840630007838062,5425,0.17070633326538973,0.5025820730357802,0.0063360614517040765,0.6408023961003226,5425,0.0659656886191224,0.5066396163777204,0.00519484228283464,0.7020620248243554,5425,-0.12476593371345687,0.5135583840619812,0.6195419357941294,0.6439844255566851,0.8868521633484934,0.9034286520995581,0.030199742815838336,0.030199742815838336,0.011820099799352054,0.0063360614517040765,0.00519484228283464
F_TM_fundingCyclePosition_bin,Funding,0.008569370379517447,0.5279765374140262,5426,-0.1059634373847916,0.5145228215767634,-0.009235692085925538,0.4963957771862385,5426,-0.0027615520886248917,0.5123030135471385,-0.0032759794743579037,0.8093549724477412,5426,-0.015690256940245968,0.5109206524744263,-0.0011741031879170037,0.9310958449577311,5426,-0.006024588818215457,0.5156206801216477,0.920730035241421,0.7171827294331503,0.9387520239016022,0.9804422209982994,0.009235692085925538,0.008569370379517447,0.009235692085925538,0.0032759794743579037,0.0011741031879170037
B_TM_dayOfWeek_bin,Other,0.004420730117535791,0.7447544962442827,5426,-0.025934891858366445,0.5072058507205851,0.006965035709859725,0.6079917465806348,5426,-0.010248724938568942,0.516981943250215,-0.0020226792315371058,0.8815858405442472,5426,-0.03397622639129857,0.5150472914875323,0.027620830620018737,0.04190039553637639,5426,0.2353163131532732,0.5192431735110729,0.9696049148736804,0.807413039459083,0.9483448624600379,0.2273513638206263,0.027620830620018737,0.004420730117535791,0.006965035709859725,0.0020226792315371058,0.027620830620018737
D_N_markCloseDeviation_pct_N,Derivative,-0.021158636777585293,0.11914085068824284,5426,-0.6996187080730861,0.49190861494526417,-0.00217021120434931,0.8730196192424247,5426,-0.5651373775037575,0.49441141498216407,0.0032949224888128774,0.8082739863839454,5426,-0.5006359361147961,0.498692033293698,0.013959408416074617,0.3039109889031439,5426,-0.39841136824699774,0.49904852521408183,0.7907137917146122,0.9460401957262092,0.9387520239016022,0.5512375598877801,0.021158636777585293,0.021158636777585293,0.00217021120434931,0.0032949224888128774,0.013959408416074617
D_N_V_markCloseRange_rat_N,Derivative,0.010697452282942098,0.4307960528111652,5426,0.24785078735434435,0.51142313184198,0.0014209253621320396,0.9166588775304461,5426,0.10790918437359152,0.5160523186682521,-0.0065154305037100225,0.6313481598821715,5426,0.028446813837798453,0.5160523186682521,-0.009539220376981643,0.4823510077636036,5426,0.13995044173837953,0.5156993339676499,0.920730035241421,0.9630719852535066,0.8868521633484934,0.7553798800826246,0.010697452282942098,0.010697452282942098,0.0014209253621320396,0.0065154305037100225,0.009539220376981643
M_P_D_markReturnDiff_pct_N,Momentum,-0.022326587617167718,0.10011799460312645,5425,-0.14250853221746684,0.4913446054750403,-0.01688501583247882,0.2136979576832728,5425,-0.375072243337196,0.4976865821766244,-0.008010112425349759,0.5552877795732146,5425,-0.33933495633876287,0.499899416616375,-0.0021884149474311735,0.8719753587575294,5425,-0.43347266992462913,0.5002012072434607,0.7268995443382483,0.4405346423323048,0.8868521633484934,0.9804422209982994,0.022326587617167718,0.022326587617167718,0.01688501583247882,0.008010112425349759,0.0021884149474311735
D_N_V_markAtrRatio_6_rat_N,Derivative,0.0034366491466687244,0.8002161044439411,5425,0.02440660120965797,0.5077462191073404,-0.004188686264583192,0.7577427807540617,5425,-0.041510755749237134,0.5146543778801843,-0.00970822033839579,0.4746664198524001,5425,-0.0006253108777963458,0.5172350230414746,-0.02273740052926794,0.09402360257727428,5425,-0.010863090898588506,0.519542772861357,0.9696049148736804,0.8870263846447275,0.8608786709485695,0.2601367789337623,0.02273740052926794,0.0034366491466687244,0.004188686264583192,0.00970822033839579,0.02273740052926794
D_N_closeVsMarkVol_6_pct_N,Derivative,-0.011927233786932914,0.3799434964677283,5421,-0.2601508668766136,0.5071203994821528,-0.015124782992234185,0.26553412724083,5421,-0.1941969140598807,0.5140480591497227,-0.026589365795252,0.05027678373598567,5421,-0.21174466837008113,0.5164510166358596,-0.029182900170689228,0.03166419136863243,5421,-0.24059161916251107,0.5187650212608615,0.920730035241421,0.5247460133568783,0.3793611863715282,0.2021636833535763,0.029182900170689228,0.011927233786932914,0.015124782992234185,0.026589365795252,0.029182900170689228
D_N_V_markAtrRatio_12_rat_N,Derivative,0.0029358093405014805,0.8288423783188047,5425,0.014703744078511494,0.5077462191073404,-0.002990813383619234,0.8256866669341181,5425,-0.023227454945804787,0.5146543778801843,-0.0110376793562971,0.4163251281626389,5425,0.021665548950117977,0.5172350230414746,-0.025267163677287947,0.06275674127335412,5425,0.012251883897062383,0.519542772861357,0.9827702485780112,0.9460401957262092,0.8608786709485695,0.23503617429828189,0.025267163677287947,0.0029358093405014805,0.002990813383619234,0.0110376793562971,0.025267163677287947
D_N_closeVsMarkVol_12_pct_N,Derivative,-0.009699471969526842,0.47547209633129195,5415,-0.2145023062890025,0.5075757575757576,-0.023299905649434332,0.08645534847287469,5415,-0.24274802635807782,0.5144967682363805,-0.03490346767376599,0.010210433367133303,5415,-0.28237808380087825,0.5170821791320406,-0.03541027930992734,0.009162233606456795,5415,-0.24413315168586228,0.51865533801256,0.920730035241421,0.2989914134686916,0.11299546259627521,0.08946651639246048,0.03541027930992734,0.009699471969526842,0.023299905649434332,0.03490346767376599,0.03541027930992734
D_N_V_markAtrRatio_21_rat_N,Derivative,0.002437926446794142,0.857526758077819,5425,0.013478972207717582,0.5077462191073404,-0.004170148177676241,0.7587816061418753,5425,-0.010430265756572403,0.5146543778801843,-0.014612039436382512,0.28190340041091033,5425,0.025622762398546276,0.5172350230414746,-0.028713626508149744,0.03444364438398204,5425,0.007889592614600647,0.519542772861357,0.9831099976087642,0.8870263846447275,0.7662996834162561,0.21176462843485255,0.028713626508149744,0.002437926446794142,0.004170148177676241,0.014612039436382512,0.028713626508149744
D_N_closeVsMarkVol_21_pct_N,Derivative,-0.01544145993608563,0.25631403479991516,5406,-0.21009457750193464,0.507125670923561,-0.03337339450627311,0.014131164201382041,5406,-0.2510697109738699,0.5136884942656308,-0.04774945506504938,0.00044475774917603636,5406,-0.22162795917648104,0.5162782093969663,-0.053487080647274136,8.334518644602229e-05,5406,-0.15415990795982606,0.5182238667900092,0.920730035241421,0.16755523267352992,0.009399285350109294,0.002305883491673283,0.053487080647274136,0.01544145993608563,0.03337339450627311,0.04774945506504938,0.053487080647274136
N_V_atrPercentile_21_rnk_N,Normalized,0.0030886955128522444,0.8204043685910549,5405,-0.08890241132761062,0.5072195483154387,0.00974916433749571,0.473622679736588,5405,-0.08713011530091522,0.5135985198889916,-0.006563088833066294,0.6295194156974635,5405,-0.14237972986932826,0.5161887141535615,-0.01106001637734753,0.41624392944870725,5405,-0.1824751244176398,0.518319763138416,0.9827405620005483,0.7147396803297601,0.8868521633484934,0.6909649228848541,0.01106001637734753,0.0030886955128522444,0.00974916433749571,0.006563088833066294,0.01106001637734753
N_V_atrPercentile_42_rnk_N,Normalized,-0.0016624202242682237,0.9029361744764836,5384,-0.14700497435454604,0.5073406430031593,0.008829073191685483,0.517177694781973,5384,-0.12848116155357636,0.513744427934621,-0.003983334812459795,0.7701234254694227,5384,-0.15665185321319336,0.5165304606240714,-0.0010964290691060702,0.9358931648632863,5384,-0.17502142991035818,0.5188556566970091,0.9831099976087642,0.734314247599161,0.9263803523762622,0.9804422209982994,0.008829073191685483,0.0016624202242682237,0.008829073191685483,0.003983334812459795,0.0010964290691060702
M_N_V_rangeExpansion_6_rat_N,Oscillator,-0.0039008430367499687,0.7740021027233202,5421,-0.03328353904288021,0.5073827980804725,0.016069036982554588,0.2368386368469605,5421,0.06109699999507812,0.5142962553034496,0.012473709841911314,0.35849780817319066,5421,0.15217657793154293,0.5170632724589559,-0.007020808816724568,0.6052878596384313,5421,-0.04038840968677019,0.5191881918819188,0.9696049148736804,0.4794538258121396,0.8501519450964236,0.8683459186031687,0.016069036982554588,0.0039008430367499687,0.016069036982554588,0.012473709841911314,0.007020808816724568
V_volOfVol_6_pct_N,Volatility,0.013600865676049605,0.316992266638779,5415,0.10435505280747387,0.5075757575757576,0.01016188280527822,0.4546858257062556,5415,0.0678244721862152,0.5144967682363805,0.016421532553454292,0.22696703363971946,5415,0.07702394158597345,0.5170821791320406,0.009730256707642734,0.4740722643997233,5415,-0.044254731003122764,0.51865533801256,0.920730035241421,0.6988689543262817,0.6850277742580624,0.7553798800826246,0.016421532553454292,0.013600865676049605,0.01016188280527822,0.016421532553454292,0.009730256707642734
M_N_V_rangeExpansion_12_rat_N,Oscillator,0.0012667726977767103,0.925747758034332,5415,0.03666115403030806,0.5075757575757576,0.02767243755991064,0.041725989996780115,5415,0.14826447235043372,0.5144967682363805,0.017938450857212105,0.18689093251650338,5415,0.17770859207884873,0.5170821791320406,-0.007572435742524412,0.5774524295284982,5415,-0.024248495003277016,0.51865533801256,0.9831099976087642,0.23088381131551663,0.6434855590718096,0.842889336481162,0.02767243755991064,0.0012667726977767103,0.02767243755991064,0.017938450857212105,0.007572435742524412
V_volOfVol_12_pct_N,Volatility,-0.0012521458829489757,0.9266432555216402,5409,-0.007636061164421987,0.5073991860895302,-0.005411887546017283,0.6906795116030211,5409,-0.0003094364380229378,0.5139582177851728,0.0021119015414626336,0.8765958653945682,5409,-0.01623553410445451,0.5165464965797745,0.0034186643752984556,0.8015269881851426,5409,-0.09490126795060941,0.5181213017751479,0.9831099976087642,0.862051119745124,0.9483448624600379,0.9711932849542603,0.005411887546017283,0.0012521458829489757,0.005411887546017283,0.0021119015414626336,0.0034186643752984556
M_N_V_rangeExpansion_21_rat_N,Oscillator,0.0004352462934638999,0.9744765925151713,5406,0.010480169688603718,0.507125670923561,0.024561282954425907,0.07095966063317866,5406,0.06517963065371139,0.5136884942656308,0.013515062466160556,0.32045788396779784,5406,0.10644255646001932,0.5162782093969663,-0.006336319135525087,0.6413744069532723,5406,-0.04113182320702869,0.5182238667900092,0.988067042388287,0.28563041170967773,0.8034091456692185,0.8686643453157014,0.024561282954425907,0.0004352462934638999,0.024561282954425907,0.013515062466160556,0.006336319135525087
V_volOfVol_21_pct_N,Volatility,0.0019603486422890746,0.8854827771653673,5400,-0.023537031901278645,0.5073188808597369,0.002125474695660998,0.8759117358782995,5400,0.02328083221241852,0.5137037037037037,-0.0018176644427639842,0.8937665692250744,5400,-0.019810126808180253,0.5164814814814814,-0.01262353053502429,0.3536885530300704,5400,-0.09410948984627349,0.5187997777366179,0.9831099976087642,0.9460401957262092,0.9510592980215534,0.618024208452544,0.01262353053502429,0.0019603486422890746,0.002125474695660998,0.0018176644427639842,0.01262353053502429
D_N_premiumRange_rat_N,Derivative,-0.004456577746963034,0.7427805310938776,5425,-0.31911514036431177,0.5077519379844961,0.019910419843972852,0.14256619514508487,5425,-0.10519777907870662,0.5146651909241837,0.01869261132850055,0.16863601450158205,5425,-0.1566121354451551,0.5174322080796901,0.020964491004251205,0.12260165108990437,5425,-0.1303424969695613,0.5197416974169742,0.9696049148736804,0.3879670228538375,0.63271715089456,0.3037593146406586,0.020964491004251205,0.004456577746963034,0.019910419843972852,0.01869261132850055,0.020964491004251205
V_skew_12_rat_N,Volatility,0.003942715979286821,0.7717865988211401,5414,0.009089566755404378,0.49528737756422103,0.010227460528691217,0.4518217794557665,5414,-0.04074644078208902,0.5036941263391208,0.02329611176416721,0.08653568866031221,5414,-0.06923360462496632,0.4996305873660879,0.014488858535017246,0.2864695845403421,5414,-0.16908572561033258,0.4971365231849252,0.9696049148736804,0.6988689543262817,0.48560504448244796,0.5403858072010999,0.02329611176416721,0.003942715979286821,0.010227460528691217,0.02329611176416721,0.014488858535017246
V_kurtosis_12_rat_N,Volatility,-0.010741143558638195,0.4294270662660876,5414,-0.08255670998339291,0.5021253003141748,-0.01893328430385942,0.1636463687631252,5414,-0.14837819709068786,0.513852973771703,-0.016233973246097298,0.23236188157719043,5414,-0.1365776607744578,0.51865533801256,-0.015725987785919493,0.24730472929015299,5414,-0.17726142506452847,0.5069277664880842,0.920730035241421,0.3942608150101554,0.6887870061038145,0.4887212507400643,0.01893328430385942,0.010741143558638195,0.01893328430385942,0.016233973246097298,0.015725987785919493
V_skew_21_rat_N,Volatility,0.009336478004863563,0.4925479265899517,5405,-0.06417183049350128,0.4988893002591633,0.0076263176756837655,0.5751006145609625,5405,-0.14539291470074517,0.49343200740055504,0.013970209171839448,0.3044749752614851,5405,-0.1867858310400079,0.491581868640148,0.025469302930287287,0.06115947147330528,5405,-0.16496079701428412,0.4933382679496669,0.920730035241421,0.7761520489196729,0.7775822445139465,0.23503617429828189,0.025469302930287287,0.009336478004863563,0.0076263176756837655,0.013970209171839448,0.025469302930287287
V_kurtosis_21_rat_N,Volatility,-0.008202651944839472,0.5465625681755674,5405,-0.20447193719108642,0.5062939651980748,-0.01920121547515316,0.1581113478711616,5405,-0.20589381006443214,0.5108233117483811,-0.0198939093201047,0.1436368657557628,5405,-0.1224607937234463,0.5119333950046253,-0.026872236802714163,0.04821009365925196,5405,-0.13319485504544054,0.5075869726128793,0.920730035241421,0.3942608150101554,0.6305504033935956,0.2283043423796628,0.026872236802714163,0.008202651944839472,0.01920121547515316,0.0198939093201047,0.026872236802714163
V_skew_42_rat_N,Volatility,0.02569588984044855,0.059385493611801066,5384,-0.05977599923304081,0.5015796320386545,0.02803471586674262,0.0396867258419047,5384,-0.13923876064580018,0.49554234769687966,0.06005422722226028,1.036189006457918e-05,5384,-0.12454303217025771,0.513558692421991,0.08328617032777866,9.33400250268066e-10,5384,-0.10422390034190306,0.5318595578673602,0.7268995443382483,0.23088381131551663,0.0005733579169067146,5.164814718149965e-08,0.08328617032777866,0.02569588984044855,0.02803471586674262,0.06005422722226028,0.08328617032777866
V_kurtosis_42_rat_N,Volatility,-0.0024027465265694676,0.8600876153659667,5384,-0.025684446218352343,0.5101282289537261,0.002078405368865777,0.8788168047405392,5384,0.0180610342189703,0.5157875185735513,0.005571675885856534,0.6827347944038538,5384,0.01540193379149768,0.5144873699851411,-0.004437674672898298,0.7447696273564886,5384,-0.035779018079789504,0.5164406464796581,0.9831099976087642,0.9460401957262092,0.8895608324046438,0.9366042283422508,0.005571675885856534,0.0024027465265694676,0.002078405368865777,0.005571675885856534,0.004437674672898298
V_maxDrawdown_21_pct_N,Volatility,-0.011017585405048198,0.41799144996331705,5406,-0.49580280339919974,0.492874329076439,-0.019208327307989513,0.1579188538003831,5406,-0.5655757743561024,0.4863115057343692,-0.007453876890292303,0.5837393209159569,5406,-0.5548809406869242,0.48372179060303366,-0.015841008308480748,0.24421258575301552,5406,-0.5548385046034856,0.48177613320999074,0.920730035241421,0.3942608150101554,0.8868521633484934,0.488425171506031,0.019208327307989513,0.011017585405048198,0.019208327307989513,0.007453876890292303,0.015841008308480748
M_V_sharpe_21_rat_N,Momentum,-0.010316062255226285,0.44829038266316845,5405,-0.4224828163037369,0.49185486856719735,-0.019794499705148766,0.14564934476597813,5405,-0.5260178635902438,0.48196114708603144,-0.012187306334775447,0.37034836679372485,5405,-0.5821462691404405,0.4860314523589269,-0.02540966888987147,0.06176828030148364,5405,-0.6898372217502573,0.48279052553663954,0.920730035241421,0.389964374696006,0.8608786709485695,0.23503617429828189,0.02540966888987147,0.010316062255226285,0.019794499705148766,0.012187306334775447,0.02540966888987147
M_V_sortino_21_rat_N,Momentum,-0.010800052370355171,0.4272854574682856,5405,-0.3887741254947691,0.49185486856719735,-0.02090277059355928,0.12440181593328749,5405,-0.48087188321124724,0.48196114708603144,-0.012917157246871171,0.342380283197277,5405,-0.5342235257696768,0.4860314523589269,-0.024033344537228562,0.07727063082296536,5405,-0.6534345844626056,0.48279052553663954,0.920730035241421,0.36229300780571444,0.8236974929093911,0.25198706078214245,0.024033344537228562,0.010800052370355171,0.02090277059355928,0.012917157246871171,0.024033344537228562
M_V_calmar_21_rat_N,Momentum,-0.013637914593413823,0.31612314948380094,5405,-0.41543176682135713,0.49185486856719735,-0.021459343947707262,0.11468514013354583,5405,-0.5203461640068211,0.48196114708603144,-0.017523957785893073,0.19769737055820658,5405,-0.5923043459141423,0.4860314523589269,-0.027637516015667735,0.042174665458584844,5405,-0.6661517850408252,0.48279052553663954,0.920730035241421,0.34614060476670194,0.6434855590718096,0.2273513638206263,0.027637516015667735,0.013637914593413823,0.021459343947707262,0.017523957785893073,0.027637516015667735
V_maxDrawdown_42_pct_N,Volatility,0.0014733498511355996,0.9139218084596556,5385,-0.7068257852597251,0.4927536231884058,-0.0025771781061096444,0.8500329891812052,5385,-0.7292741394657353,0.4863509749303621,0.007870641802549967,0.5636404371714193,5385,-0.7274723677047881,0.48356545961002784,-0.002634427168316367,0.8467424582672174,5385,-0.7067713582498736,0.4812407132243685,0.9831099976087642,0.9460401957262092,0.8868521633484934,0.9804422209982994,0.007870641802549967,0.0014733498511355996,0.0025771781061096444,0.007870641802549967,0.002634427168316367
M_V_sharpe_42_rat_N,Momentum,0.0036587484260807816,0.7883899346143927,5384,-0.6532124257942303,0.5002787585950567,-0.0027617458280602015,0.8394488689336235,5384,-0.7545221153896978,0.4988855869242199,0.01853323580085161,0.1739277267863192,5384,-0.794603673807091,0.49684249628528976,0.0023553454001544417,0.8628201647707019,5384,-0.8889569847025686,0.49117592420583317,0.9696049148736804,0.9460401957262092,0.63271715089456,0.9804422209982994,0.01853323580085161,0.0036587484260807816,0.0027617458280602015,0.01853323580085161,0.0023553454001544417
M_V_sortino_42_rat_N,Momentum,0.004184578538038044,0.7588611692848851,5384,-0.5302667245219645,0.5002787585950567,-0.0024797127390937096,0.8556542966597138,5384,-0.6351807945043355,0.4988855869242199,0.0185929413131112,0.17254488940736643,5384,-0.6885172704043778,0.49684249628528976,0.002359532113282247,0.8625787452755341,5384,-0.8054076866951466,0.49117592420583317,0.9696049148736804,0.9460401957262092,0.63271715089456,0.9804422209982994,0.0185929413131112,0.004184578538038044,0.0024797127390937096,0.0185929413131112,0.002359532113282247
M_V_calmar_42_rat_N,Momentum,0.0027138025945110155,0.8421990563010002,5384,-0.5019522159004671,0.5002787585950567,-0.005537365681680812,0.6845830866899091,5384,-0.6013748340730036,0.4988855869242199,0.017336105670720147,0.2034264616768986,5384,-0.6343245032757461,0.49684249628528976,0.0030460999639157814,0.823178697533595,5384,-0.7365096100624858,0.49117592420583317,0.9831099976087642,0.862051119745124,0.6487769325705768,0.9804422209982994,0.017336105670720147,0.0027138025945110155,0.005537365681680812,0.017336105670720147,0.0030460999639157814
V_autocorr_12_bnd_N,Volatility,0.007386458069160929,0.5868704809790797,5414,0.14137895721099702,0.5015708741452597,0.0019945203813116308,0.8833507851660387,5414,0.05572210158145679,0.495382342076099,0.008417785765252414,0.5357531996171778,5414,0.03227364671335891,0.4987070557813077,-0.01915686429554234,0.15872762774563792,5414,-0.08476786142207142,0.481248845372252,0.920730035241421,0.9460401957262092,0.8868521633484934,0.356064678456431,0.01915686429554234,0.007386458069160929,0.0019945203813116308,0.008417785765252414,0.01915686429554234
V_autocorr_21_bnd_N,Volatility,-0.006465960627985624,0.6345987644072353,5405,-0.03060499191262003,0.49648278415401703,-0.02702680564482169,0.04693579693241173,5405,-0.13352581731503196,0.48547641073080483,-0.019427456263574498,0.15326715149375905,5405,-0.0973859767827363,0.49879740980573545,-0.04455010681622394,0.0010523819315762864,5405,-0.22148789954777529,0.47964470762398226,0.920730035241421,0.251333622283237,0.6305504033935956,0.01588140005833305,0.04455010681622394,0.006465960627985624,0.02702680564482169,0.019427456263574498,0.04455010681622394
N_P_zScore_12_zsc_N,Normalized,-0.011286744404873298,0.4063190011061374,5415,0.05363124794737643,0.48078344419807834,-0.018685133759374015,0.16919978399143287,5415,-0.18503406186023785,0.4729455216989843,0.007004622546957581,0.6063194582604414,5415,-0.19433518846570028,0.489196675900277,-0.006755405925613721,0.6191898806647695,5415,-0.3818299125683408,0.4806058367196158,0.920730035241421,0.39559386116306844,0.8868521633484934,0.8683459186031687,0.018685133759374015,0.011286744404873298,0.018685133759374015,0.007004622546957581,0.006755405925613721
N_P_zScore_21_zsc_N,Normalized,-0.016148239878336038,0.23518410145178378,5406,-0.1527724939991996,0.48861743475846753,-0.024473327111200465,0.07197643858803605,5406,-0.31240104958045745,0.47909729929707734,0.001973763831636554,0.8846409457900778,5406,-0.31954017644705635,0.49019607843137253,-0.018014656584364342,0.185390849839788,5406,-0.5087166215846975,0.48122109158186865,0.920730035241421,0.28563041170967773,0.9483448624600379,0.39967378017408844,0.024473327111200465,0.016148239878336038,0.024473327111200465,0.001973763831636554,0.018014656584364342
N_P_zScore_42_zsc_N,Normalized,-0.0052060031410719855,0.7025031005409855,5385,-0.22944231363689938,0.49349684132292826,-0.01375917391658375,0.31273644633669323,5385,-0.3908727343877829,0.48226555246053854,0.009515819456396214,0.485084092028062,5385,-0.44091015746223317,0.4891364902506964,-0.013065914744360708,0.33774588421795637,5385,-0.6438121146367785,0.4934992570579495,0.963764584213253,0.5657457694365194,0.8658490244801966,0.5964448593636251,0.01375917391658375,0.0052060031410719855,0.01375917391658375,0.009515819456396214,0.013065914744360708
V_volMomentum_6_pct_N,Volatility,0.0036868120055616287,0.786169023526878,5417,0.0146421599363777,0.49926117473217585,0.010471265669944808,0.44098481784770804,5417,-0.0943911256356908,0.5041535905482739,0.019611297090964125,0.14896344358060834,5417,0.0910110125082259,0.5076610670112608,-0.013970310961173097,0.3039349846560687,5417,-0.2131156470143258,0.4948301329394387,0.9696049148736804,0.6988689543262817,0.6305504033935956,0.5512375598877801,0.019611297090964125,0.0036868120055616287,0.010471265669944808,0.019611297090964125,0.013970310961173097
V_volMomentum_12_pct_N,Volatility,0.0014435344414270557,0.9154778228902545,5408,-0.0946674186131344,0.4971322849213691,-0.004636363177059258,0.7331961687229982,5408,-0.03197965713698269,0.49648668639053256,-0.011691356479726868,0.3900081840388602,5408,0.0332432310138039,0.4942677514792899,-0.015049294772892003,0.26850216238472496,5408,0.017477182858618674,0.4987978546328833,0.9831099976087642,0.8870263846447275,0.8608786709485695,0.5243689288925216,0.015049294772892003,0.0014435344414270557,0.004636363177059258,0.011691356479726868,0.015049294772892003
V_volMomentum_21_pct_N,Volatility,0.00484749014232498,0.7218623168601316,5395,0.10347804609606831,0.5042655786350149,0.00507225459721941,0.7095380813919333,5395,0.11500239920318775,0.509545875810936,8.334332339876917e-05,0.9951168142651906,5395,0.052789896665171344,0.5086190917516219,0.03343344123867481,0.0140561227606556,5395,0.14166044180511336,0.5113088616981831,0.9696049148736804,0.8789800112765741,0.9951168142651906,0.12394367429059523,0.03343344123867481,0.00484749014232498,0.00507225459721941,8.334332339876917e-05,0.03343344123867481
B_consecutiveUp_bnd_N,Other,-0.012373960407477297,0.3621331256622268,5426,0.0022778381845669723,0.48546511627906974,-0.01063060463578275,0.4336818491395015,5426,-0.17681677418444858,0.4934640522875817,0.015749079028036173,0.24608803274880922,5426,-0.03604271755330758,0.5137981118373275,0.0199943921893354,0.1408528443322322,5426,0.03369718980229828,0.5192447349310094,0.920730035241421,0.6988689543262817,0.7137563123582308,0.32474405776597975,0.0199943921893354,0.012373960407477297,0.01063060463578275,0.015749079028036173,0.0199943921893354
B_consecutiveDown_bnd_N,Other,0.01814616813140385,0.18139439696316204,5426,0.11432826578725414,0.5305586801649794,0.01898963657740328,0.16193092621483887,5426,0.2846614798363298,0.5363568215892054,-0.006882763584320655,0.6122368382496599,5426,0.17462050576851965,0.5206146926536732,-0.009601668363648555,0.4794884540010088,5426,0.16080169768005467,0.5196850393700787,0.9013828165571316,0.3942608150101554,0.8868521633484934,0.7553798800826246,0.01898963657740328,0.01814616813140385,0.01898963657740328,0.006882763584320655,0.009601668363648555
M_winRate_6_bnd_N,Momentum,-0.011932947084842813,0.3797152851681965,5421,-0.013254717640933361,0.5067932253861902,0.004187028068976409,0.7579222250792556,5421,-0.029738050961733674,0.5128348214285714,0.019553663238795607,0.1500112356053005,5421,0.020399062841420266,0.5174851190476191,0.027199886593643276,0.045223819428112974,5421,0.02496053496293748,0.5201860465116279,0.920730035241421,0.8870263846447275,0.6305504033935956,0.2273513638206263,0.027199886593643276,0.011932947084842813,0.004187028068976409,0.019553663238795607,0.027199886593643276
M_winRate_12_bnd_N,Momentum,-0.0036059494367256684,0.7907864813673511,5415,0.013353488944973166,0.5075757575757576,0.004441444208549569,0.7438514522550764,5415,0.012475778631478238,0.5144967682363805,0.022203505517698216,0.10232049002626942,5415,0.014164607276261851,0.5170821791320406,0.021314764922281345,0.11681139070089505,5415,-0.08154580047121944,0.51865533801256,0.9696049148736804,0.8870263846447275,0.5307875420112727,0.2983183208669012,0.022203505517698216,0.0036059494367256684,0.004441444208549569,0.022203505517698216,0.021314764922281345
M_winRate_21_bnd_N,Momentum,-0.002122689804155478,0.8760047033776817,5406,-0.17374734931489702,0.507125670923561,0.0026789579270763315,0.8438850241545962,5406,-0.20606339242928506,0.5136884942656308,0.013275612997423561,0.32910736087654735,5406,-0.23467162472672168,0.5162782093969663,0.005840864421251452,0.6676635417346259,5406,-0.30673501762174504,0.5182238667900092,0.9831099976087642,0.9460401957262092,0.8034091456692185,0.8866571834235832,0.013275612997423561,0.002122689804155478,0.0026789579270763315,0.013275612997423561,0.005840864421251452
L_M_S_obv_21_zsc_N,Liquidity,-0.006625764683713062,0.6262510185222592,5405,-0.06853983955966793,0.49166975194372453,-0.008463820592101354,0.5338653641827129,5405,-0.18929615116095797,0.48529139685476413,0.017638533296889514,0.19478157158196058,5405,-0.19597355317671605,0.4956521739130435,0.01718680023161423,0.20646257963397702,5405,-0.2586539886321023,0.49500370096225016,0.920730035241421,0.7385137537860861,0.6434855590718096,0.4231208422128418,0.017638533296889514,0.006625764683713062,0.008463820592101354,0.017638533296889514,0.01718680023161423
L_M_S_obv_42_zsc_N,Liquidity,0.002246173464680735,0.869119829912359,5384,-0.14952132840550353,0.49916372421482996,0.006693338528395121,0.623412184949709,5384,-0.28687731785107745,0.49647102526002973,0.03543599122300115,0.009312732154439441,5384,-0.2901292835724755,0.5011144130757801,0.02260905445819716,0.0971595198427305,5384,-0.42218122257512664,0.49990711499164037,0.9831099976087642,0.8189755939636792,0.11042239554549624,0.2601367789337623,0.03543599122300115,0.002246173464680735,0.006693338528395121,0.03543599122300115,0.02260905445819716
L_M_S_mfi_6_bnd_N,Liquidity,0.0013314927507660675,0.9230587767415139,5264,0.13333965951446333,0.5085536547433903,0.018837072051372097,0.17178495940317898,5264,0.14066454545637455,0.5166116184184962,0.034509618888939525,0.012281805658083044,5264,0.06765249565923069,0.5152516028754615,0.03333056755837021,0.015591306708062084,5264,-0.043884476246784786,0.5186552662261951,0.9831099976087642,0.39605976751288485,0.11992821995539915,0.12394367429059523,0.034509618888939525,0.0013314927507660675,0.018837072051372097,0.034509618888939525,0.03333056755837021
L_M_S_cmf_6_bnd_N,Liquidity,-0.007305654669609668,0.5907290883936078,5421,-0.0489183964658513,0.48911037283130304,-0.026345266052084825,0.05242542354551839,5421,-0.2123457236218363,0.4805386460062719,-0.03631019579570989,0.007502134316831781,5421,-0.29904915934330856,0.48146098505810736,-0.04644392073799379,0.0006248219065060841,5421,-0.4892130361230457,0.47435424354243544,0.920730035241421,0.25595942083988393,0.09579648435339043,0.010372043648000996,0.04644392073799379,0.007305654669609668,0.026345266052084825,0.03631019579570989,0.04644392073799379
L_M_S_mfi_12_bnd_N,Liquidity,0.004945455167555091,0.7160544064006171,5412,-0.05104360282800228,0.5076723978554262,0.005458694930120256,0.6880621961907184,5412,-0.1045728175377713,0.5144124168514412,0.030205228319102634,0.026277867524343232,5412,-0.10329629878671431,0.5169992609016999,0.016268051542155482,0.23146911661837274,5412,-0.24291155709558737,0.5185732766586583,0.9696049148736804,0.862051119745124,0.21810630045204885,0.4685838214469497,0.030205228319102634,0.004945455167555091,0.005458694930120256,0.030205228319102634,0.016268051542155482
L_M_S_cmf_12_bnd_N,Liquidity,-0.024727139359155378,0.06884337278733961,5415,-0.36620485240885486,0.4866962305986696,-0.045179992915140986,0.0008823591306621422,5415,-0.4707182003806965,0.4773776546629732,-0.04122908378016952,0.002409337023527963,5415,-0.4818728798010892,0.48033240997229915,-0.051194068368286286,0.00016403210063338652,5415,-0.5700579372524511,0.47340229035833026,0.7268995443382483,0.0366179039224789,0.036359085991421985,0.00340366608814277,0.051194068368286286,0.024727139359155378,0.045179992915140986,0.04122908378016952,0.051194068368286286
L_M_S_mfi_21_bnd_N,Liquidity,-0.003672283412779001,0.7872025924872752,5406,-0.2928028748125774,0.507125670923561,-0.002607024514090869,0.8480251515876578,5406,-0.34228168259830566,0.5136884942656308,0.006140185340332,0.6517300446332472,5406,-0.41571381784914346,0.5162782093969663,-0.0012914957527551305,0.9243656942726063,5406,-0.4892951133831954,0.5182238667900092,0.9696049148736804,0.9460401957262092,0.8868521633484934,0.9804422209982994,0.006140185340332,0.003672283412779001,0.002607024514090869,0.006140185340332,0.0012914957527551305
L_M_S_cmf_21_bnd_N,Liquidity,-0.024795596539419682,0.06830832265001825,5406,-0.46033808952651434,0.4895428465667222,-0.04678630581498759,0.0005794065570411055,5406,-0.526628685029082,0.47835738068812433,-0.04768331827255947,0.00045297760723418283,5406,-0.6096456220922842,0.4809470958194599,-0.05233935642387359,0.00011810500174074968,5406,-0.6744682054735508,0.4706753006475486,0.7268995443382483,0.03206049615627451,0.009399285350109294,0.0028007757555663496,0.05233935642387359,0.024795596539419682,0.04678630581498759,0.04768331827255947,0.05233935642387359
M_T_V_adx_6_bnd_N,Trend,0.011248934224883224,0.4074604120399751,5425,0.05871791820548622,0.5077462191073404,0.028759293676874725,0.034157775444086665,5425,0.10302053045491318,0.5146543778801843,0.05406072618228509,6.781715355385266e-05,5425,0.1723593941592318,0.5172350230414746,0.03257393645288324,0.016426270086705393,5425,0.07485949876699856,0.519542772861357,0.920730035241421,0.22365956840284437,0.0028144118724848853,0.12394367429059523,0.05406072618228509,0.011248934224883224,0.028759293676874725,0.05406072618228509,0.03257393645288324
M_T_V_diDiff_6_bnd_N,Trend,-0.013554670029445314,0.3181922866557845,5425,-0.008965988989457472,0.4798967170785688,-0.02146324949842897,0.11395012111295771,5425,-0.21839074169398479,0.4768663594470046,0.01011642104371058,0.45629088694831577,5425,-0.14152399165789833,0.4886635944700461,0.010652685701310234,0.43276980634249074,5425,-0.24612745585532933,0.4876474926253687,0.920730035241421,0.34614060476670194,0.8608786709485695,0.7112850282460739,0.02146324949842897,0.013554670029445314,0.02146324949842897,0.01011642104371058,0.010652685701310234
M_T_V_adx_12_bnd_N,Trend,0.030246584720280505,0.025894096519687368,5425,0.2679656455556056,0.5077462191073404,0.05568149511691559,4.070579171604673e-05,5425,0.2527407308768018,0.5146543778801843,0.06516657138236356,1.5566824530050323e-06,5425,0.2155295861850319,0.5172350230414746,0.06175842958681407,5.311570245402855e-06,5425,0.12507748117908982,0.519542772861357,0.6195419357941294,0.0033785807124318786,0.0001292046435994177,0.0002204301651842185,0.06516657138236356,0.030246584720280505,0.05568149511691559,0.06516657138236356,0.06175842958681407
M_T_V_diDiff_12_bnd_N,Trend,-0.007856501374132017,0.5628975474383462,5425,-0.11889571843878163,0.48413869420877903,-0.015007500886164314,0.2690820443711577,5425,-0.28610142645144904,0.4785253456221198,0.010934436121934826,0.4206985117360278,5425,-0.2582962102272168,0.49216589861751153,0.0028332305882289633,0.8347349077613329,5425,-0.3934292528142413,0.4876474926253687,0.920730035241421,0.5255014043013198,0.8608786709485695,0.9804422209982994,0.015007500886164314,0.007856501374132017,0.015007500886164314,0.010934436121934826,0.0028332305882289633
N_M_cci_6_zsc_N,Normalized,-0.010828933880305671,0.4255797908766815,5416,0.11169678627956477,0.48346573064843895,-0.02125606593631171,0.11778858104378928,5416,-0.16279385501576055,0.47636632200886264,0.001375403652651322,0.9193937429326877,5416,-0.18401608499043204,0.49963072378138845,-0.0027747787795704953,0.8382293444985196,5416,-0.29432779969355155,0.48901200369344416,0.920730035241421,0.3491590080940897,0.9659453248533301,0.9804422209982994,0.02125606593631171,0.010828933880305671,0.02125606593631171,0.001375403652651322,0.0027747787795704953
N_M_cci_12_zsc_N,Normalized,-0.018621179393815832,0.171099218458306,5404,-0.08549862112554689,0.48250324014071466,-0.024561377415658114,0.07101081928484121,5404,-0.22609195367245702,0.47483345669874166,0.0008542999280977449,0.9499363588403227,5404,-0.20520896293700078,0.49074759437453735,-0.008642166458282047,0.525319502080792,5404,-0.3877090267482892,0.4810290579307792,0.9013828165571316,0.28563041170967773,0.9674198501073226,0.7932130318493033,0.024561377415658114,0.018621179393815832,0.024561377415658114,0.0008542999280977449,0.008642166458282047
N_M_cci_21_zsc_N,Normalized,-0.00716661954365749,0.5990005017565171,5386,-0.016397276138244387,0.48671744380456994,-0.01114170831178526,0.41363214503586476,5386,-0.14796034583177523,0.48143334571110286,0.008113479709105474,0.5516330812945887,5386,-0.20643334864267096,0.4912736724842183,-0.01336050881754848,0.3269205250509504,5386,-0.4162223401381158,0.48449396471680595,0.920730035241421,0.673166039960329,0.8868521633484934,0.5835355608436319,0.01336050881754848,0.00716661954365749,0.01114170831178526,0.008113479709105474,0.01336050881754848
L_S_oiVolumeRatio_6_rat_N,Liquidity,-0.01285442825740348,0.34401625187597473,5421,-0.29344416830718956,0.5073827980804725,-0.02280070728730955,0.09323221428886262,5421,-0.3625026088285266,0.5142962553034496,-0.01840982982538483,0.17533125868162505,5421,-0.27553732865860026,0.5170632724589559,-0.023394850535053382,0.08500768315542155,5421,-0.15093372988230633,0.5191881918819188,0.920730035241421,0.31584790963165704,0.63271715089456,0.25198706078214245,0.023394850535053382,0.01285442825740348,0.02280070728730955,0.01840982982538483,0.023394850535053382
L_S_oiVolumeRatio_12_rat_N,Liquidity,-0.010020022154330012,0.46100773910975934,5415,-0.1399347739205773,0.5075757575757576,-0.014463455443639268,0.28727087139768864,5415,-0.15071760420947578,0.5144967682363805,-0.009795283274035052,0.4711228579081844,5415,-0.12144054081119021,0.5170821791320406,-0.023537470590278255,0.08329413856202977,5415,-0.12677890892270519,0.51865533801256,0.920730035241421,0.5420452525607781,0.8608786709485695,0.25198706078214245,0.023537470590278255,0.010020022154330012,0.014463455443639268,0.009795283274035052,0.023537470590278255
L_S_oiVolumeRatio_21_rat_N,Liquidity,-0.005527020150996746,0.6845324116204695,5406,-0.14286521801195953,0.507125670923561,-0.010303864969882748,0.44878522445127256,5406,-0.1942529605350738,0.5136884942656308,-0.007352153571705262,0.5888845917416963,5406,-0.16109909271641884,0.5162782093969663,-0.024286413576766218,0.07417680851419393,5406,-0.11696153042089923,0.5182238667900092,0.9629862739745588,0.6988689543262817,0.8868521633484934,0.25129286149706515,0.024286413576766218,0.005527020150996746,0.010303864969882748,0.007352153571705262,0.024286413576766218
S_longShortRatio_rat_N,Sentiment,-0.02057167531090572,0.14655564793002715,4982,-0.2704460817125485,0.5048192771084338,-0.026746835064762317,0.05906040354228057,4982,-0.24373087483755312,0.5130469690887194,-0.035987331883784876,0.011076075234356959,4982,-0.11675309798083842,0.5150541951023685,-0.044012572205374474,0.0018881873463760432,4982,0.038293406313580594,0.5181690423609717,0.8380914607174191,0.2670269021726531,0.11491428055645345,0.026119924958201934,0.044012572205374474,0.02057167531090572,0.026746835064762317,0.035987331883784876,0.044012572205374474
S_N_longShortZscore_21_zsc_N,Sentiment,-0.023770483455088812,0.09474871679511962,4942,-0.4138543223327971,0.49696356275303644,-0.039000711614921454,0.006105245591135699,4942,-0.5533358646203533,0.4975718332658843,-0.047887959384560974,0.0007583286628384007,4942,-0.4606646162060814,0.49028733306353706,-0.03839107693780543,0.006951047949533334,4942,-0.24969551239073073,0.4946367132159482,0.7268995443382483,0.09213370619350236,0.01258825580311745,0.08733902862777658,0.047887959384560974,0.023770483455088812,0.039000711614921454,0.047887959384560974,0.03839107693780543
S_N_longShortZscore_63_zsc_N,Sentiment,-0.02479830917993449,0.08394393255579018,4858,-0.3493616500700934,0.48620263591433277,-0.030764124608344483,0.032017240644106985,4858,-0.3602864227827101,0.4946480032935364,-0.03956037860033987,0.0058209101065992246,4858,-0.25791129818516534,0.4890901605599012,-0.02118347492380381,0.1398740511625578,4858,-0.04529264788782851,0.4947498455836936,0.7268995443382483,0.22145258112173996,0.08052258980795594,0.32474405776597975,0.03956037860033987,0.02479830917993449,0.030764124608344483,0.03956037860033987,0.02118347492380381
S_M_longShortChange_3_pct_N,Sentiment,-0.023956859310816134,0.09104267626032675,4977,-0.32202540485087583,0.48692679002413514,-0.04100722952261052,0.0038101980759524747,4977,-0.48344515628978385,0.4937675914756735,-0.047831646228139464,0.0007368048934395484,4977,-0.5839918951922013,0.49215922798552475,-0.03729032586688962,0.008513233896613024,4977,-0.6214036974630945,0.5041222602051075,0.7268995443382483,0.09213370619350236,0.01258825580311745,0.08832480167736012,0.047831646228139464,0.023956859310816134,0.04100722952261052,0.047831646228139464,0.03729032586688962
S_M_longShortChange_12_pct_N,Sentiment,-0.020353512795481598,0.15146231217784684,4968,-0.5252089409399128,0.494662638469285,-0.04008678191340894,0.004714751085480069,4968,-0.615621864524401,0.4958727602174351,-0.0502304763480606,0.00039741904582074237,4968,-0.5166900401453467,0.4926514998993356,-0.034050996743838643,0.016388629369374973,4968,-0.3315305675329577,0.500201369311317,0.8380914607174191,0.09213370619350236,0.009399285350109294,0.12394367429059523,0.0502304763480606,0.020353512795481598,0.04008678191340894,0.0502304763480606,0.034050996743838643
L_V_amihudIlliquidity_12_rat_N,Liquidity,0.0011974147827271422,0.9298088531600963,5414,0.3488035231242794,0.5076695620033266,0.0002702963416476434,0.9841360821308911,5414,0.3978542346592874,0.5144070927225711,-0.00539821887774168,0.6912852251819219,5414,0.4798731019100032,0.5169929811599556,0.0007360799101814076,0.9568171072393041,5414,0.5154979648085998,0.5185664141880658,0.9831099976087642,0.9898104517200037,0.8895608324046438,0.9804422209982994,0.00539821887774168,0.0011974147827271422,0.0002702963416476434,0.00539821887774168,0.0007360799101814076
L_V_amihudIlliquidity_21_rat_N,Liquidity,0.0009150660237388001,0.946375577353008,5405,0.49537194537100776,0.5072195483154387,0.0008127490644664578,0.9523639489735842,5405,0.5094768454996886,0.5135985198889916,-0.005738933904533713,0.6731528468789769,5405,0.5316376829654672,0.5161887141535615,0.0007541631331065617,0.9557940789576165,5405,0.5846525691584892,0.518319763138416,0.987000931375489,0.9843974681525242,0.8868521633484934,0.9804422209982994,0.005738933904533713,0.0009150660237388001,0.0008127490644664578,0.005738933904533713,0.0007541631331065617
L_V_amihudIlliquidity_63_rat_N,Liquidity,-0.0010370358111202052,0.9394771368584065,5363,0.46805951501839316,0.5074626865671642,-0.002773404175240967,0.8390909608313298,5363,0.46861372900193193,0.5142644042513519,-0.006249416353176708,0.6472698738019562,5363,0.49942267110448296,0.5172478090620921,-0.0013724412830728424,0.9199601372333348,5363,0.4867014639005508,0.5203282357329355,0.987000931375489,0.9460401957262092,0.8868521633484934,0.9804422209982994,0.006249416353176708,0.0010370358111202052,0.002773404175240967,0.006249416353176708,0.0013724412830728424
V_parkinson_12_pct_N,Volatility,0.013809120221375168,0.3096383385901783,5415,0.21268315466568544,0.5075757575757576,0.02186257252360744,0.10770054337290527,5415,0.19091641451440583,0.5144967682363805,0.020269877258984288,0.13585600938905384,5415,0.19338409107855653,0.5170821791320406,0.022577792276209215,0.09666263808058544,5415,0.15286228259754212,0.51865533801256,0.920730035241421,0.3373262301868354,0.6264471544050817,0.2601367789337623,0.022577792276209215,0.013809120221375168,0.02186257252360744,0.020269877258984288,0.022577792276209215
V_parkinson_21_pct_N,Volatility,0.007680125505686337,0.5723711366196763,5406,0.23121570420631748,0.507125670923561,0.014532454120164625,0.285378283227,5406,0.23230116363927597,0.5136884942656308,0.00927443924712531,0.49538768098523456,5406,0.1997458422791638,0.5162782093969663,0.018423177360452545,0.17561672919093418,5406,0.1555276561770006,0.5182238667900092,0.920730035241421,0.5420452525607781,0.869595796196475,0.38869836060926766,0.018423177360452545,0.007680125505686337,0.014532454120164625,0.00927443924712531,0.018423177360452545
V_garmanKlass_12_pct_N,Volatility,0.014885102593117098,0.27344955776129554,5415,0.21150295428135857,0.5075757575757576,0.02442797017362663,0.07226793549281003,5415,0.19415782830820258,0.5144967682363805,0.023318886421450583,0.0861992671078535,5415,0.18981664930852848,0.5170821791320406,0.0258175883259483,0.057471354435849685,5415,0.15294396335917668,0.51865533801256,0.920730035241421,0.28563041170967773,0.48560504448244796,0.23503617429828189,0.0258175883259483,0.014885102593117098,0.02442797017362663,0.023318886421450583,0.0258175883259483
V_garmanKlass_21_pct_N,Volatility,0.0067747279062983405,0.6184799390170912,5406,0.2264948824492946,0.507125670923561,0.013879547595265532,0.3075796087387416,5406,0.23012826159457095,0.5136884942656308,0.009748504371111364,0.47361169272920356,5406,0.20002334404340646,0.5162782093969663,0.01960323196883154,0.1495443701290616,5406,0.15605852110487348,0.5182238667900092,0.920730035241421,0.5657457694365194,0.8608786709485695,0.34005980056745516,0.01960323196883154,0.0067747279062983405,0.013879547595265532,0.009748504371111364,0.01960323196883154
V_rogersSatchell_12_pct_N,Volatility,0.015486740699229125,0.2545267193311152,5415,0.21044649180008473,0.5075757575757576,0.02647403900669534,0.05141156728385605,5415,0.19423319343882336,0.5144967682363805,0.025228052486543407,0.0634085937094981,5415,0.18269369501572244,0.5170821791320406,0.027292252764676752,0.04461601314832805,5415,0.14527208012206788,0.51865533801256,0.920730035241421,0.25595942083988393,0.4385761064906952,0.2273513638206263,0.027292252764676752,0.015486740699229125,0.02647403900669534,0.025228052486543407,0.027292252764676752
V_rogersSatchell_21_pct_N,Volatility,0.006471810910402286,0.6342609640550152,5406,0.21632856685675136,0.507125670923561,0.013592379903373529,0.31769701464183125,5406,0.22469343496007765,0.5136884942656308,0.009995821201564233,0.46246361635723554,5406,0.1980210189115207,0.5162782093969663,0.020609645776453665,0.12973565632246403,5406,0.14859576504054203,0.5182238667900092,0.920730035241421,0.5670720906510106,0.8608786709485695,0.307658842136129,0.020609645776453665,0.006471810910402286,0.013592379903373529,0.009995821201564233,0.020609645776453665
V_hurstExponent_63_rat_N,Volatility,0.02545839971645727,0.06228661064963796,5363,0.39716292795459385,0.5074626865671642,0.056810831258226786,3.143799935075434e-05,5363,0.4033512465162097,0.5142644042513519,0.08515244209822358,4.215841425287683e-10,5363,0.41900395516220856,0.5172478090620921,0.12971553777978387,1.4631872760063461e-21,5363,0.46323104078522537,0.5203282357329355,0.7268995443382483,0.0033785807124318786,6.998296765977553e-08,2.4288908781705345e-19,0.12971553777978387,0.02545839971645727,0.056810831258226786,0.08515244209822358,0.12971553777978387
V_hurstExponent_126_rat_N,Volatility,0.023312132510959035,0.0897006028051968,5300,0.14609984606769033,0.5059467623182934,0.032577654551485924,0.01770362804099551,5300,0.09670730769876491,0.5130188679245283,0.053938982044752413,8.538819881648067e-05,5300,0.11653363196238656,0.5150943396226415,0.09597218136214836,2.5342109495592174e-12,5300,0.09958014291287937,0.5168899792413663,0.7268995443382483,0.17287072087089736,0.002834888200707158,2.1033950881341506e-10,0.09597218136214836,0.023312132510959035,0.032577654551485924,0.053938982044752413,0.09597218136214836
V_yangZhang_12_pct_N,Volatility,0.01272053848555784,0.3498230863394278,5404,0.20081132035823424,0.5071283095723014,0.02050234065078545,0.13181685564326776,5404,0.1837599660829462,0.5135085122131754,0.019067797032410357,0.16106066213465195,5404,0.17401561012329292,0.5160991857883049,0.024960879264840453,0.06653783086280199,5404,0.14095232338877298,0.518415694984268,0.920730035241421,0.37363013967857267,0.63271715089456,0.23503617429828189,0.024960879264840453,0.01272053848555784,0.02050234065078545,0.019067797032410357,0.024960879264840453
V_yangZhang_21_pct_N,Volatility,0.006768568144656766,0.6194490344907198,5386,0.21177417533232712,0.5071521456436932,0.013344503629451509,0.3275004211582122,5386,0.21855970503160072,0.5135536576308949,0.010538598958721493,0.4393666780099946,5386,0.19566544441583958,0.5163386557742294,0.02226949149382649,0.10222372589534072,5386,0.15172640615687666,0.5186629526462395,0.920730035241421,0.5722638938132971,0.8608786709485695,0.2659092945695878,0.02226949149382649,0.006768568144656766,0.013344503629451509,0.010538598958721493,0.02226949149382649
